"","ID","NameSexAge","OccSexAge","CombSexAge"
"1",1,309,285,245
"2",2,718,503,721
"3",3,631,706,703
"4",4,372,383,335
"5",5,438,434,538
"6",6,714,696,804
"7",7,331,550,336
"8",8,841,366,607
"9",9,339,551,429
"10",10,531,544,592
"11",11,1200,1373,1595
"12",12,549,325,352
"13",13,481,452,479
"14",14,459,821,525
"15",15,701,545,719
"16",16,819,729,894
"17",17,998,606,928
"18",18,413,513,492
"19",19,311,407,352
"20",20,477,693,492
"21",21,415,603,493
"22",22,683,876,844
"23",23,547,549,593
"24",24,844,584,834
"25",25,267,278,232
"26",26,169,318,186
"27",27,273,376,278
"28",28,787,1181,1089
"29",29,595,641,642
"30",30,186,389,218
"31",31,249,677,446
"32",32,599,370,458
"33",33,596,648,666
"34",34,379,498,453
"35",35,605,412,579
"36",36,438,471,462
"37",37,998,634,934
"38",38,255,511,312
"39",39,910,791,1046
"40",40,283,459,363
"41",41,216,278,213
"42",42,548,538,602
"43",43,1133,800,1300
"44",44,464,564,491
"45",45,374,481,374
"46",46,367,771,502
"47",47,594,489,604
"48",48,442,365,411
"49",49,1267,458,1187
"50",50,394,709,537
"51",51,396,598,506
"52",52,188,569,288
"53",53,227,289,189
"54",54,949,1217,1169
"55",55,202,357,218
"56",56,735,614,707
"57",57,484,533,464
"58",58,532,547,571
"59",59,4805,640,4121
"60",60,281,457,303
"61",61,742,700,730
"62",62,194,567,236
"63",63,687,868,786
"64",64,322,567,319
"65",65,609,961,784
"66",66,608,603,663
"67",67,378,365,340
"68",68,423,735,568
"69",69,721,634,762
"70",70,314,716,397
"71",71,560,732,651
"72",72,252,505,343
"73",73,430,462,420
"74",74,722,551,602
"75",75,517,323,449
"76",76,1124,827,1143
"77",77,236,398,254
"78",78,573,465,570
"79",79,249,317,218
"80",80,401,594,540
"81",81,465,542,614
"82",82,655,751,813
"83",83,253,290,218
"84",84,673,815,836
"85",85,349,341,291
"86",86,840,825,768
"87",87,241,441,304
"88",88,530,565,543
"89",89,390,620,464
"90",90,1241,659,1132
"91",91,553,569,555
"92",92,478,453,405
"93",93,1028,1097,1121
"94",94,948,1016,1046
"95",95,893,539,894
"96",96,788,809,790
"97",97,362,361,361
"98",98,242,370,254
"99",99,630,563,627
"100",100,210,352,202
"101",101,199,336,193
"102",102,534,654,556
"103",103,337,624,415
"104",104,492,386,479
"105",105,1102,754,1169
"106",106,829,1187,764
"107",107,301,350,263
"108",108,319,436,337
"109",109,700,680,753
"110",110,496,598,524
"111",111,419,391,400
"112",112,2232,1218,2113
"113",113,357,429,334
"114",114,302,288,259
"115",115,1188,1013,1067
"116",116,291,373,368
"117",117,549,693,636
"118",118,1044,1062,1091
"119",119,332,467,387
"120",120,480,446,471
"121",121,710,454,678
"122",122,3535,1484,3114
"123",123,758,639,783
"124",124,1246,505,1039
"125",125,472,394,485
"126",126,582,693,684
"127",127,1717,1868,1959
"128",128,316,362,323
"129",129,252,553,278
"130",130,418,391,396
"131",131,326,562,421
"132",132,241,408,271
"133",133,659,588,625
"134",134,490,482,550
"135",135,272,457,320
"136",136,491,481,514
"137",137,654,583,759
"138",138,488,462,480
"139",139,299,338,286
"140",140,497,367,461
"141",141,261,282,216
"142",142,1824,891,1721
"143",143,405,315,304
"144",144,572,707,569
"145",145,452,996,484
"146",146,669,559,655
"147",147,482,342,383
"148",148,578,555,576
"149",149,221,549,254
"150",150,231,332,217
"151",151,372,390,376
"152",152,205,335,215
"153",153,545,565,560
"154",154,173,317,195
"155",155,545,554,545
"156",156,669,434,512
"157",157,393,584,519
"158",158,569,319,424
"159",159,279,481,350
"160",160,1028,1047,1227
"161",161,404,388,424
"162",162,447,494,449
"163",163,662,443,457
"164",164,311,322,265
"165",165,650,600,658
"166",166,660,913,923
"167",167,230,343,239
"168",168,584,448,531
"169",169,349,562,418
"170",170,662,900,869
"171",171,229,557,249
"172",172,506,461,387
"173",173,658,556,663
"174",174,474,517,521
"175",175,450,520,332
"176",176,405,422,419
"177",177,451,603,540
"178",178,558,372,491
"179",179,512,568,660
"180",180,324,316,341
"181",181,172,282,187
"182",182,493,458,485
"183",183,295,326,255
"184",184,429,505,362
"185",185,667,411,590
"186",186,415,323,324
"187",187,271,334,211
"188",188,1302,1040,1255
"189",189,1060,940,1060
"190",190,392,690,554
"191",191,866,531,801
"192",192,219,552,280
"193",193,420,714,569
"194",194,445,622,481
"195",195,663,558,609
"196",196,334,386,315
"197",197,208,359,230
"198",198,278,444,292
"199",199,233,281,207
"200",200,533,419,471
"201",201,576,440,503
"202",202,761,919,979
"203",203,325,290,316
"204",204,755,375,586
"205",205,249,376,252
"206",206,322,528,353
"207",207,265,381,268
"208",208,232,480,299
"209",209,195,572,228
"210",210,463,618,497
"211",211,171,289,169
"212",212,452,460,454
"213",213,269,401,252
"214",214,533,401,507
"215",215,740,705,785
"216",216,704,550,685
"217",217,299,436,370
"218",218,333,393,388
"219",219,361,335,338
"220",220,502,553,553
"221",221,893,357,704
"222",222,525,713,519
"223",223,258,289,226
"224",224,491,522,547
"225",225,651,634,688
"226",226,201,363,237
"227",227,639,511,584
"228",228,302,320,294
"229",229,800,388,664
"230",230,409,438,439
"231",231,345,415,331
"232",232,338,507,395
"233",233,361,514,479
"234",234,271,337,262
"235",235,272,315,335
"236",236,815,700,814
"237",237,277,331,262
"238",238,357,589,431
"239",239,729,480,687
"240",240,630,408,525
"241",241,1014,618,949
"242",242,839,548,767
"243",243,320,388,314
"244",244,219,377,228
"245",245,569,914,685
"246",246,385,721,477
"247",247,222,417,279
"248",248,658,691,790
"249",249,176,588,318
"250",250,242,313,209
"251",251,353,621,402
"252",252,607,572,710
"253",253,296,337,286
"254",254,803,578,870
"255",255,594,1020,748
"256",256,507,615,616
"257",257,309,788,512
"258",258,561,561,575
"259",259,940,558,805
"260",260,492,747,586
"261",261,1193,713,1085
"262",262,739,732,761
"263",263,862,609,761
"264",264,814,976,991
"265",265,605,722,725
"266",266,488,550,465
"267",267,459,681,605
"268",268,617,603,525
"269",269,1564,736,1349
"270",270,177,488,272
"271",271,432,342,354
"272",272,565,423,468
"273",273,352,416,429
"274",274,1104,1000,1077
"275",275,929,443,687
"276",276,559,682,783
"277",277,767,907,735
"278",278,418,467,471
"279",279,535,835,718
"280",280,610,511,606
"281",281,517,391,476
"282",282,427,298,321
"283",283,790,1013,985
"284",284,1600,754,1335
"285",285,323,368,229
"286",286,376,442,386
"287",287,319,692,427
"288",288,913,577,900
"289",289,669,671,669
"290",290,1690,4092,2379
"291",291,245,439,263
"292",292,287,368,290
"293",293,1567,288,1227
"294",294,622,650,700
"295",295,554,417,460
"296",296,446,484,526
"297",297,686,1020,834
"298",298,363,530,458
"299",299,187,286,192
"300",300,557,531,559
"301",301,387,459,480
"302",302,407,558,477
"303",303,794,424,884
"304",304,234,684,456
"305",305,348,461,380
"306",306,374,382,316
"307",307,662,590,637
"308",308,383,415,328
"309",309,335,562,266
"310",310,561,534,679
"311",311,895,866,864
"312",312,546,593,616
"313",313,738,560,651
"314",314,242,373,224
"315",315,537,666,498
"316",316,701,730,759
"317",317,1269,1599,1412
"318",318,930,517,888
"319",319,696,544,650
"320",320,424,605,442
"321",321,506,639,559
"322",322,1383,552,1463
"323",323,415,545,357
"324",324,418,286,272
"325",325,569,557,541
"326",326,647,755,790
"327",327,305,602,308
"328",328,213,553,256
"329",329,275,392,266
"330",330,1451,1039,1456
"331",331,398,478,432
"332",332,789,506,754
"333",333,535,364,495
"334",334,505,520,509
"335",335,454,450,475
"336",336,311,368,287
"337",337,196,509,286
"338",338,1090,526,911
"339",339,1018,751,797
"340",340,767,851,876
"341",341,601,724,591
"342",342,1336,810,1204
"343",343,783,440,670
"344",344,518,531,514
"345",345,810,651,811
"346",346,183,497,283
"347",347,905,734,912
"348",348,163,488,246
"349",349,1237,926,1191
"350",350,371,438,390
"351",351,937,812,1058
"352",352,785,876,876
"353",353,218,469,307
"354",354,431,334,345
"355",355,1038,754,1034
"356",356,237,434,288
"357",357,1102,1036,1043
"358",358,361,769,482
"359",359,521,422,438
"360",360,269,334,263
"361",361,186,332,220
"362",362,527,385,401
"363",363,277,780,470
"364",364,191,406,237
"365",365,258,769,442
"366",366,267,289,240
"367",367,474,485,410
"368",368,559,549,572
"369",369,349,285,297
"370",370,549,892,669
"371",371,789,370,585
"372",372,1148,538,949
"373",373,722,795,749
"374",374,266,382,261
"375",375,196,558,236
"376",376,347,583,468
"377",377,259,403,265
"378",378,561,604,595
"379",379,499,318,346
"380",380,447,504,471
"381",381,489,487,431
"382",382,446,459,480
"383",383,316,558,355
"384",384,809,898,989
"385",385,567,396,520
"386",386,486,792,713
"387",387,573,559,581
"388",388,290,276,279
"389",389,208,326,234
"390",390,293,411,356
"391",391,566,554,530
"392",392,377,641,482
"393",393,552,579,611
"394",394,840,510,841
"395",395,229,490,326
"396",396,347,324,313
"397",397,228,491,286
"398",398,249,289,219
"399",399,1281,632,1148
"400",400,619,932,847
"401",401,450,467,557
"402",402,316,551,402
"403",403,470,492,507
"404",404,1211,856,1112
"405",405,495,541,471
"406",406,606,590,561
"407",407,756,1103,853
"408",408,282,334,284
"409",409,366,439,440
"410",410,280,282,254
"411",411,486,1079,675
"412",412,398,484,473
"413",413,301,332,283
"414",414,472,569,332
"415",415,1308,568,1215
"416",416,487,674,620
"417",417,522,548,458
"418",418,423,458,452
"419",419,819,575,757
"420",420,193,569,236
"421",421,925,555,966
"422",422,347,372,332
"423",423,463,580,395
"424",424,1039,728,1104
"425",425,326,441,375
"426",426,548,562,586
"427",427,303,537,416
"428",428,367,429,400
"429",429,383,386,407
"430",430,899,785,1024
"431",431,373,441,388
"432",432,415,435,400
"433",433,881,1674,1322
"434",434,397,580,472
"435",435,210,328,215
"436",436,367,590,480
"437",437,534,537,561
"438",438,728,528,682
"439",439,326,282,290
"440",440,563,563,559
"441",441,238,445,268
"442",442,552,568,681
"443",443,287,667,401
"444",444,330,399,351
"445",445,503,651,596
"446",446,657,636,652
"447",447,433,683,624
"448",448,539,526,550
"449",449,459,515,514
"450",450,219,423,261
"451",451,829,1161,926
"452",452,329,576,376
"453",453,253,369,293
"454",454,592,550,553
"455",455,185,287,182
"456",456,625,505,651
"457",457,701,534,628
"458",458,476,569,537
"459",459,291,314,223
"460",460,616,539,585
"461",461,584,318,573
"462",462,537,396,476
"463",463,578,562,553
"464",464,318,434,361
"465",465,527,525,508
"466",466,352,330,335
"467",467,405,556,403
"468",468,583,631,594
"469",469,290,314,261
"470",470,709,625,656
"471",471,234,447,325
"472",472,452,365,359
"473",473,555,285,322
"474",474,417,327,341
"475",475,623,769,854
"476",476,1044,1219,1058
"477",477,1612,658,1376
"478",478,887,746,976
"479",479,1084,1144,1325
"480",480,274,584,395
"481",481,647,634,639
"482",482,1094,676,841
"483",483,728,943,807
"484",484,199,558,230
"485",485,827,1054,1064
"486",486,707,390,636
"487",487,551,564,568
"488",488,618,326,349
"489",489,371,427,332
"490",490,171,387,203
"491",491,500,323,398
"492",492,564,585,592
"493",493,625,505,621
"494",494,251,371,283
"495",495,331,479,365
"496",496,522,366,486
"497",497,435,407,401
"498",498,402,313,357
"499",499,342,442,397
"500",500,431,323,406
"501",501,298,325,290
"502",502,417,424,422
"503",503,418,861,526
"504",504,597,513,542
"505",505,1580,903,1598
"506",506,291,500,393
"507",507,512,362,538
"508",508,855,634,822
"509",509,482,475,436
"510",510,166,290,176
"511",511,578,819,702
"512",512,301,471,327
"513",513,209,384,211
"514",514,908,788,947
"515",515,517,597,582
"516",516,895,596,945
"517",517,561,603,522
"518",518,522,503,564
"519",519,275,370,249
"520",520,548,349,369
"521",521,430,319,352
"522",522,338,365,366
"523",523,308,342,299
"524",524,554,556,531
"525",525,490,714,496
"526",526,338,676,411
"527",527,216,339,243
"528",528,1199,603,989
"529",529,374,584,522
"530",530,502,642,530
"531",531,196,360,248
"532",532,421,681,531
"533",533,528,613,560
"534",534,298,319,370
"535",535,382,455,344
"536",536,585,475,666
"537",537,390,711,509
"538",538,881,1189,1086
"539",539,415,524,436
"540",540,383,410,439
"541",541,517,1200,1324
"542",542,1136,948,1328
"543",543,742,661,603
"544",544,593,688,627
"545",545,293,427,309
"546",546,560,461,538
"547",547,860,384,739
"548",548,767,765,723
"549",549,494,337,442
"550",550,479,417,521
"551",551,399,467,404
"552",552,321,432,360
"553",553,576,559,557
"554",554,711,287,537
"555",555,376,418,394
"556",556,287,473,358
"557",557,566,550,578
"558",558,392,572,493
"559",559,742,351,599
"560",560,543,566,538
"561",561,314,469,386
"562",562,291,419,305
"563",563,568,551,565
"564",564,700,614,679
"565",565,702,503,639
"566",566,895,978,903
"567",567,297,451,292
"568",568,202,552,193
"569",569,424,409,377
"570",570,529,557,586
"571",571,411,486,454
"572",572,188,331,195
"573",573,422,598,502
"574",574,343,460,399
"575",575,324,316,331
"576",576,256,562,268
"577",577,3609,1078,2407
"578",578,630,553,550
"579",579,355,529,405
"580",580,757,666,740
"581",581,591,659,683
"582",582,547,575,548
"583",583,250,515,364
"584",584,447,856,619
"585",585,472,526,434
"586",586,464,731,523
"587",587,232,281,171
"588",588,254,361,285
"589",589,705,587,657
"590",590,364,337,287
"591",591,659,553,535
"592",592,250,1043,460
"593",593,495,566,536
"594",594,398,659,521
"595",595,441,441,412
"596",596,430,384,399
"597",597,438,334,462
"598",598,404,454,433
"599",599,381,299,371
"600",600,383,499,476
"601",601,229,790,451
"602",602,460,566,473
"603",603,398,329,353
"604",604,538,444,502
"605",605,396,497,459
"606",606,670,984,797
"607",607,255,361,288
"608",608,419,872,622
"609",609,375,667,421
"610",610,684,497,654
"611",611,413,283,296
"612",612,251,364,305
"613",613,320,480,315
"614",614,544,564,531
"615",615,279,633,404
"616",616,302,413,337
"617",617,1172,990,1277
"618",618,665,548,592
"619",619,530,584,579
"620",620,371,1127,594
"621",621,337,992,583
"622",622,228,520,320
"623",623,2095,749,1673
"624",624,696,525,693
"625",625,434,594,576
"626",626,734,795,840
"627",627,619,382,526
"628",628,182,380,237
"629",629,578,516,493
"630",630,315,385,315
"631",631,843,562,762
"632",632,391,1121,656
"633",633,1274,499,1090
"634",634,461,576,495
"635",635,658,443,643
"636",636,570,594,665
"637",637,282,361,280
"638",638,1089,402,814
"639",639,696,576,620
"640",640,648,643,734
"641",641,592,565,620
"642",642,232,568,229
"643",643,319,660,463
"644",644,273,550,358
"645",645,508,537,519
"646",646,1187,346,935
"647",647,529,907,800
"648",648,395,421,390
"649",649,639,627,624
"650",650,599,385,468
"651",651,927,654,908
"652",652,387,699,480
"653",653,847,634,792
"654",654,539,539,525
"655",655,406,426,405
"656",656,509,668,565
"657",657,473,457,494
"658",658,627,391,567
"659",659,833,854,956
"660",660,215,351,228
"661",661,1088,709,976
"662",662,579,419,540
"663",663,649,490,645
"664",664,792,791,827
"665",665,697,510,620
"666",666,251,361,274
"667",667,291,291,230
"668",668,903,1159,1116
"669",669,733,607,778
"670",670,199,328,242
"671",671,554,560,579
"672",672,303,362,297
"673",673,238,275,236
"674",674,381,516,390
"675",675,557,1290,1395
"676",676,470,547,492
"677",677,527,674,644
"678",678,941,828,920
"679",679,283,414,279
"680",680,199,436,264
"681",681,386,695,540
"682",682,562,562,587
"683",683,772,686,888
"684",684,402,709,504
"685",685,562,564,584
"686",686,340,665,454
"687",687,422,397,388
"688",688,748,971,925
"689",689,701,326,516
"690",690,237,333,238
"691",691,914,649,882
"692",692,1278,1125,1347
"693",693,448,676,623
"694",694,312,541,295
"695",695,615,561,546
"696",696,278,552,360
"697",697,1608,611,1081
"698",698,564,560,537
"699",699,1056,797,1079
"700",700,707,478,669
"701",701,611,557,584
"702",702,249,493,309
"703",703,500,628,621
"704",704,413,536,501
"705",705,921,979,1071
"706",706,207,325,229
"707",707,437,568,519
"708",708,487,830,614
"709",709,270,392,308
"710",710,449,455,405
"711",711,600,491,533
"712",712,264,528,329
"713",713,237,477,306
"714",714,238,556,371
"715",715,1327,579,1221
"716",716,414,374,380
"717",717,967,848,1097
"718",718,300,377,279
"719",719,532,580,569
"720",720,233,545,294
"721",721,372,428,425
"722",722,422,280,301
"723",723,270,360,285
"724",724,559,555,538
"725",725,230,1230,475
"726",726,244,460,291
"727",727,1272,553,1047
"728",728,1558,820,1630
"729",729,420,411,410
"730",730,767,810,942
"731",731,487,576,549
"732",732,584,530,532
"733",733,707,362,627
"734",734,1173,846,1167
"735",735,252,463,334
"736",736,345,441,380
"737",737,210,297,186
"738",738,760,446,566
"739",739,388,374,365
"740",740,591,562,558
"741",741,371,398,434
"742",742,356,439,342
"743",743,367,502,403
"744",744,583,348,506
"745",745,419,320,400
"746",746,394,549,483
"747",747,241,627,381
"748",748,439,387,407
"749",749,246,451,285
"750",750,205,338,236
"751",751,308,475,381
"752",752,479,316,409
"753",753,818,605,873
"754",754,212,384,261
"755",755,176,440,267
"756",756,457,745,604
"757",757,849,998,1086
"758",758,368,615,506
"759",759,970,1114,1057
"760",760,673,466,581
"761",761,507,618,553
"762",762,989,763,932
"763",763,964,926,1073
"764",764,553,557,563
"765",765,562,556,583
"766",766,295,604,357
"767",767,667,478,567
"768",768,501,447,527
"769",769,371,337,255
"770",770,311,583,397
"771",771,484,514,510
"772",772,164,292,168
"773",773,628,494,638
"774",774,282,518,359
"775",775,675,738,648
"776",776,634,562,604
"777",777,182,319,194
"778",778,848,831,903
"779",779,586,332,450
"780",780,214,335,243
"781",781,696,701,807
"782",782,388,451,410
"783",783,197,435,259
"784",784,269,580,401
"785",785,880,900,1044
"786",786,237,520,330
"787",787,231,365,264
"788",788,440,396,441
"789",789,521,554,600
"790",790,1645,1565,1674
"791",791,420,343,286
"792",792,259,336,256
"793",793,443,537,535
"794",794,212,316,207
"795",795,317,491,412
"796",796,208,560,258
"797",797,207,330,215
"798",798,661,608,633
"799",799,578,519,635
"800",800,260,375,298
"801",801,627,764,677
"802",802,376,583,461
"803",803,391,995,609
"804",804,187,395,238
"805",805,410,422,367
"806",806,724,591,706
"807",807,1027,1110,1106
"808",808,372,393,338
"809",809,812,722,900
"810",810,517,837,720
"811",811,416,642,515
"812",812,676,525,574
"813",813,527,580,566
"814",814,639,675,573
"815",815,1798,581,1436
"816",816,998,963,1189
"817",817,216,365,230
"818",818,376,578,444
"819",819,593,504,488
"820",820,778,935,952
"821",821,360,689,461
"822",822,432,549,494
"823",823,359,437,425
"824",824,802,923,1001
"825",825,558,569,632
"826",826,466,568,502
"827",827,882,565,912
"828",828,712,437,626
"829",829,780,659,656
"830",830,436,381,359
"831",831,1183,430,921
"832",832,554,428,540
"833",833,314,438,365
"834",834,447,686,568
"835",835,542,464,484
"836",836,297,416,336
"837",837,2329,567,2109
"838",838,446,920,609
"839",839,281,389,289
"840",840,466,349,434
"841",841,389,492,407
"842",842,364,675,512
"843",843,827,626,816
"844",844,165,301,174
"845",845,320,377,390
"846",846,371,329,341
"847",847,444,317,343
"848",848,256,4785,1114
"849",849,367,476,400
"850",850,1130,603,1002
"851",851,453,544,430
"852",852,654,663,645
"853",853,309,375,362
"854",854,453,347,390
"855",855,1187,855,1131
"856",856,1404,755,1070
"857",857,351,772,466
"858",858,186,636,339
"859",859,434,899,577
"860",860,491,414,457
"861",861,357,293,314
"862",862,1229,602,996
"863",863,544,445,519
"864",864,325,635,400
"865",865,276,409,357
"866",866,976,586,838
"867",867,381,414,374
"868",868,370,497,434
"869",869,563,685,642
"870",870,1197,636,1076
"871",871,485,337,410
"872",872,322,687,438
"873",873,613,560,559
"874",874,247,524,296
"875",875,708,1307,933
"876",876,514,730,644
"877",877,338,454,383
"878",878,605,451,517
"879",879,252,476,301
"880",880,304,439,373
"881",881,376,451,392
"882",882,368,452,458
"883",883,582,494,508
"884",884,875,490,840
"885",885,1157,812,1096
"886",886,252,498,287
"887",887,157,328,187
"888",888,761,538,674
"889",889,754,342,678
"890",890,909,366,594
"891",891,792,745,814
"892",892,534,565,496
"893",893,191,532,279
"894",894,805,686,770
"895",895,798,579,818
"896",896,290,594,363
"897",897,1202,684,1084
"898",898,701,561,682
"899",899,488,538,501
"900",900,162,288,173
"901",901,384,571,398
"902",902,575,573,619
"903",903,489,625,645
"904",904,547,666,566
"905",905,439,493,449
"906",906,751,466,556
"907",907,662,1098,743
"908",908,800,316,613
"909",909,914,537,836
"910",910,474,494,451
"911",911,932,713,770
"912",912,512,520,554
"913",913,199,316,212
"914",914,318,526,401
"915",915,1006,708,950
"916",916,686,398,619
"917",917,1104,1352,1443
"918",918,203,560,265
"919",919,442,320,370
"920",920,239,385,236
"921",921,729,557,715
"922",922,312,462,296
"923",923,278,458,328
"924",924,298,327,316
"925",925,581,677,658
"926",926,261,316,258
"927",927,930,718,967
"928",928,714,461,687
"929",929,194,361,263
"930",930,523,470,491
"931",931,2165,1882,2345
"932",932,586,322,467
"933",933,539,590,641
"934",934,212,337,215
"935",935,421,729,546
"936",936,360,338,343
"937",937,618,783,614
"938",938,1297,523,1125
"939",939,265,391,286
"940",940,442,337,372
"941",941,875,805,844
"942",942,449,556,204
"943",943,191,558,258
"944",944,199,291,199
"945",945,176,370,229
"946",946,468,508,531
"947",947,554,473,497
"948",948,615,477,558
"949",949,756,810,874
"950",950,295,536,373
"951",951,635,664,611
"952",952,496,626,491
"953",953,347,437,344
"954",954,550,428,459
"955",955,357,559,381
"956",956,916,611,844
"957",957,351,567,467
"958",958,184,364,201
"959",959,267,554,268
"960",960,455,575,481
"961",961,214,459,331
"962",962,214,468,308
"963",963,1044,766,966
"964",964,512,685,597
"965",965,364,656,499
"966",966,854,881,1001
"967",967,602,1037,749
"968",968,281,325,208
"969",969,1459,614,1382
"970",970,603,555,614
"971",971,378,319,380
"972",972,468,410,418
"973",973,255,473,278
"974",974,615,866,752
"975",975,297,442,381
"976",976,463,1112,754
"977",977,462,390,406
"978",978,299,473,308
"979",979,294,427,340
"980",980,741,484,682
"981",981,509,369,439
"982",982,281,288,239
"983",983,407,793,460
"984",984,214,554,312
"985",985,563,407,459
"986",986,333,683,459
"987",987,551,811,733
"988",988,464,782,554
"989",989,1762,1634,1974
"990",990,330,336,261
"991",991,350,401,330
"992",992,442,781,507
"993",993,1075,4310,1555
"994",994,195,368,228
"995",995,183,557,239
"996",996,620,732,822
"997",997,1326,1780,1664
"998",998,543,481,551
"999",999,398,370,379
"1000",1000,446,513,484
"1001",1001,575,554,577
"1002",1002,358,594,402
"1003",1003,666,691,635
"1004",1004,1140,922,1058
"1005",1005,232,403,214
"1006",1006,599,401,482
"1007",1007,1168,786,1277
"1008",1008,568,1337,818
"1009",1009,869,438,732
"1010",1010,277,550,293
"1011",1011,543,668,562
"1012",1012,316,433,336
"1013",1013,549,549,544
"1014",1014,976,754,1062
"1015",1015,263,382,300
"1016",1016,349,504,419
"1017",1017,1245,673,1203
"1018",1018,372,547,411
"1019",1019,368,404,368
"1020",1020,319,290,240
"1021",1021,665,498,621
"1022",1022,242,300,246
"1023",1023,362,576,484
"1024",1024,211,342,238
"1025",1025,412,378,398
"1026",1026,595,463,640
"1027",1027,1639,1256,1643
"1028",1028,922,863,1070
"1029",1029,404,373,410
"1030",1030,230,322,226
"1031",1031,2064,1538,2360
"1032",1032,307,476,388
"1033",1033,316,362,327
"1034",1034,674,598,729
"1035",1035,1773,543,1496
"1036",1036,438,373,386
"1037",1037,247,294,261
"1038",1038,156,277,171
"1039",1039,871,506,761
"1040",1040,766,506,756
"1041",1041,289,445,323
"1042",1042,365,277,280
"1043",1043,756,674,675
"1044",1044,514,342,502
"1045",1045,692,949,835
"1046",1046,512,653,550
"1047",1047,476,270,383
"1048",1048,196,466,285
"1049",1049,499,802,615
"1050",1050,656,561,548
"1051",1051,567,636,614
"1052",1052,816,511,791
"1053",1053,419,444,392
"1054",1054,530,378,473
"1055",1055,318,488,379
"1056",1056,272,639,432
"1057",1057,716,714,827
"1058",1058,2263,804,1936
"1059",1059,563,461,493
"1060",1060,1603,497,1331
"1061",1061,256,375,301
"1062",1062,166,608,302
"1063",1063,685,322,583
"1064",1064,490,413,462
"1065",1065,377,590,473
"1066",1066,251,325,262
"1067",1067,384,462,343
"1068",1068,841,607,672
"1069",1069,606,665,769
"1070",1070,853,686,764
"1071",1071,243,360,277
"1072",1072,850,449,616
"1073",1073,588,547,631
"1074",1074,282,497,368
"1075",1075,463,595,443
"1076",1076,540,2036,1017
"1077",1077,1391,834,1255
"1078",1078,725,601,754
"1079",1079,704,812,885
"1080",1080,598,457,571
"1081",1081,685,690,686
"1082",1082,222,291,212
"1083",1083,482,400,412
"1084",1084,526,326,396
"1085",1085,641,529,630
"1086",1086,554,318,520
"1087",1087,723,954,880
"1088",1088,456,542,423
"1089",1089,561,1225,609
"1090",1090,456,570,544
"1091",1091,416,364,322
"1092",1092,317,522,378
"1093",1093,515,710,600
"1094",1094,1180,733,863
"1095",1095,493,595,572
"1096",1096,197,519,273
"1097",1097,353,478,458
"1098",1098,303,555,305
"1099",1099,590,628,657
"1100",1100,273,449,321
"1101",1101,335,348,298
"1102",1102,670,650,695
"1103",1103,1110,573,1077
"1104",1104,356,359,356
"1105",1105,530,546,552
"1106",1106,696,971,914
"1107",1107,432,345,453
"1108",1108,550,859,766
"1109",1109,237,321,247
"1110",1110,433,353,404
"1111",1111,613,543,710
"1112",1112,549,463,532
"1113",1113,1952,534,1395
"1114",1114,544,558,526
"1115",1115,344,815,561
"1116",1116,990,1739,1274
"1117",1117,598,339,350
"1118",1118,477,1009,727
"1119",1119,401,595,410
"1120",1120,590,506,591
"1121",1121,340,470,442
"1122",1122,901,701,971
"1123",1123,580,536,587
"1124",1124,798,876,980
"1125",1125,305,541,354
"1126",1126,696,315,536
"1127",1127,743,806,805
"1128",1128,527,444,526
"1129",1129,785,503,669
"1130",1130,390,534,367
"1131",1131,310,273,260
"1132",1132,499,346,372
"1133",1133,990,2096,1294
"1134",1134,204,354,239
"1135",1135,1117,1210,1368
"1136",1136,231,403,279
"1137",1137,212,554,249
"1138",1138,437,577,517
"1139",1139,565,377,415
"1140",1140,410,549,485
"1141",1141,706,322,483
"1142",1142,885,759,898
"1143",1143,252,464,348
"1144",1144,1520,783,1633
"1145",1145,215,420,250
"1146",1146,544,948,667
"1147",1147,403,533,459
"1148",1148,1158,938,1238
"1149",1149,365,417,348
"1150",1150,273,1011,540
"1151",1151,958,1193,1251
"1152",1152,532,568,587
"1153",1153,353,956,587
"1154",1154,452,404,361
"1155",1155,434,545,517
"1156",1156,404,402,415
"1157",1157,665,526,629
"1158",1158,507,626,547
"1159",1159,1051,1965,1393
"1160",1160,445,378,387
"1161",1161,2018,772,1556
"1162",1162,438,1940,784
"1163",1163,437,484,516
"1164",1164,730,486,668
"1165",1165,4745,1307,4043
"1166",1166,596,847,650
"1167",1167,172,350,209
"1168",1168,496,755,587
"1169",1169,428,690,527
"1170",1170,378,497,390
"1171",1171,182,320,209
"1172",1172,237,322,257
"1173",1173,190,526,280
"1174",1174,462,484,415
"1175",1175,368,326,292
"1176",1176,585,585,599
"1177",1177,275,389,292
"1178",1178,506,563,570
"1179",1179,434,536,494
"1180",1180,793,1470,1046
"1181",1181,620,411,519
"1182",1182,652,971,725
"1183",1183,371,562,418
"1184",1184,718,562,635
"1185",1185,275,353,307
"1186",1186,1015,799,1065
"1187",1187,932,587,873
"1188",1188,197,364,211
"1189",1189,708,508,695
"1190",1190,241,679,382
"1191",1191,618,678,686
"1192",1192,4575,845,3988
"1193",1193,231,512,297
"1194",1194,978,915,1132
"1195",1195,213,559,245
"1196",1196,494,301,391
"1197",1197,582,794,695
"1198",1198,420,564,398
"1199",1199,246,335,225
"1200",1200,570,558,575
"1201",1201,675,648,611
"1202",1202,189,595,297
"1203",1203,362,374,351
"1204",1204,380,301,305
"1205",1205,562,548,577
"1206",1206,319,279,310
"1207",1207,612,499,718
"1208",1208,831,511,764
"1209",1209,547,435,453
"1210",1210,1222,983,1204
"1211",1211,703,1782,1081
"1212",1212,1012,776,1061
"1213",1213,250,691,405
"1214",1214,377,598,475
"1215",1215,450,447,444
"1216",1216,236,589,336
"1217",1217,823,782,890
"1218",1218,789,675,859
"1219",1219,590,593,559
"1220",1220,260,316,274
"1221",1221,1010,807,1144
"1222",1222,249,358,265
"1223",1223,523,571,536
"1224",1224,754,321,448
"1225",1225,579,646,657
"1226",1226,481,501,460
"1227",1227,372,518,373
"1228",1228,424,568,479
"1229",1229,196,493,277
"1230",1230,241,317,232
"1231",1231,355,357,335
"1232",1232,2002,706,1648
"1233",1233,526,390,514
"1234",1234,514,852,673
"1235",1235,991,644,883
"1236",1236,906,372,759
"1237",1237,244,516,253
"1238",1238,327,335,306
"1239",1239,299,566,267
"1240",1240,227,653,362
"1241",1241,270,511,314
"1242",1242,454,508,419
"1243",1243,552,561,543
"1244",1244,539,618,623
"1245",1245,833,669,825
"1246",1246,510,568,470
