"","Sex","Age","Michael","Christina","Christopher","Jacqueline","James","Jennifer","Anthony","Kimberly","Robert","Stephanie","David","Nicole"
"1",2,41,4,3,1,1,2,4,0,2,1,1,1,1
"2",1,58,6,0,1,0,0,1,1,1,10,1,4,0
"3",1,50,3,0,0,1,2,1,0,0,4,1,4,0
"4",2,76,5,2,1,0,3,1,0,0,3,1,3,0
"5",2,72,1,0,1,0,4,1,0,1,4,1,1,0
"6",1,39,2,1,0,0,1,2,0,1,1,1,9,1
"7",1,27,4,2,2,0,3,4,5,4,5,2,1,3
"8",2,31,3,0,2,2,5,3,0,1,3,4,1,5
"9",2,37,5,1,1,2,3,4,0,3,1,1,3,0
"10",2,51,2,0,1,1,7,0,1,0,1,2,1,0
"11",1,21,3,0,4,1,2,2,1,2,2,0,1,2
"12",1,40,0,0,1,0,0,0,0,0,2,1,5,2
"13",2,36,1,1,1,0,1,2,1,2,4,1,2,1
"14",1,30,3,0,1,1,2,1,0,1,3,1,4,0
"15",1,35,7,2,5,1,5,2,1,3,4,2,8,0
"16",1,71,10,1,1,0,15,2,2,1,12,1,6,0
"17",1,27,0,2,1,0,2,5,1,0,3,1,1,2
"18",2,25,20,2,4,0,30,20,2,1,95,0,50,10
"19",2,27,2,1,1,0,1,1,2,3,1,2,2,3
"20",1,36,10,3,7,0,10,7,4,7,8,5,5,5
"21",2,38,1,0,1,0,3,1,0,0,2,1,4,1
"22",1,46,1,1,0,0,0,0,0,1,3,1,0,1
"23",1,73,2,1,0,1,4,1,3,1,5,0,3,2
"24",2,49,10,4,3,2,8,4,2,5,7,3,10,2
"25",1,27,3,2,2,0,1,1,1,1,1,1,3,1
"26",1,27,2,0,1,0,0,3,1,0,0,0,1,0
"27",2,60,3,2,1,1,3,1,2,2,4,1,2,3
"28",1,28,2,0,2,1,2,1,1,1,3,2,3,2
"29",2,70,0,0,1,2,0,2,0,2,7,0,4,0
"30",2,18,3,2,0,0,1,1,0,1,0,0,1,0
"31",2,52,0,0,0,0,0,0,0,0,0,0,0,0
"32",2,75,2,1,3,1,7,2,1,1,10,0,2,0
"33",1,19,1,2,2,2,2,2,2,2,2,2,2,2
"34",2,39,3,2,1,1,1,3,3,1,3,1,3,1
"35",2,87,3,0,0,0,0,1,0,1,0,0,0,0
"36",2,20,4,1,1,0,1,2,0,2,4,1,0,0
"37",1,41,3,1,3,1,5,0,3,2,3,2,3,2
"38",1,26,3,1,1,0,6,6,2,3,2,2,4,2
"39",2,38,10,0,1,0,1,2,0,3,0,0,3,0
"40",2,44,4,2,0,1,3,2,3,1,2,2,1,0
"41",1,44,4,1,2,1,5,0,5,1,20,5,5,3
"42",2,44,7,0,2,1,4,2,1,6,4,1,2,1
"43",2,34,3,0,0,0,2,1,1,1,1,0,1,0
"44",2,46,1,0,2,0,1,2,0,0,3,0,1,0
"45",2,37,2,1,1,0,3,1,1,0,1,2,1,3
"46",1,74,6,0,2,0,3,1,3,1,4,1,3,0
"47",1,19,3,2,1,1,19,3,8,6,4,4,20,12
"48",1,56,0,0,0,1,0,1,0,0,1,0,0,0
"49",1,75,5,2,2,0,10,3,3,1,7,2,3,1
"50",2,61,2,1,1,1,1,1,1,1,1,1,0,1
"51",2,77,1,0,1,0,1,0,0,0,0,0,1,0
"52",2,57,3,0,0,0,2,2,2,0,4,2,1,0
"53",2,55,5,10,1,3,2,5,0,2,2,0,5,1
"54",2,48,2,2,0,1,0,0,1,0,1,2,2,0
"55",1,71,1,0,2,1,3,2,0,2,3,0,4,1
"56",2,60,7,0,2,0,4,2,1,3,8,2,3,0
"57",2,81,1,0,0,0,0,0,0,0,1,0,2,0
"58",2,40,16,3,2,0,17,2,13,4,14,7,25,2
"59",1,20,5,5,3,1,3,3,1,2,3,1,2,1
"60",2,74,1,1,0,1,2,1,0,11,2,0,2,1
"61",2,46,3,1,0,2,3,0,1,1,5,1,1,1
"62",2,20,10,5,10,5,5,10,5,15,3,5,15,10
"63",1,35,4,0,1,0,3,2,0,2,7,0,3,1
"64",1,27,4,2,1,1,3,4,2,2,1,5,1,3
"65",2,49,7,1,1,2,5,4,1,0,7,2,4,0
"66",1,24,8,3,6,1,4,10,2,2,4,3,6,3
"67",2,22,4,0,0,1,0,4,1,2,2,0,1,1
"68",1,27,1,1,1,0,0,1,0,1,1,1,3,0
"69",1,43,0,1,0,0,2,1,1,0,1,0,1,0
"70",2,46,0,NA,1,1,1,2,1,1,1,1,2,1
"71",1,67,1,0,0,0,0,0,1,0,1,0,1,1
"72",1,32,3,0,1,0,1,0,0,1,2,1,1,0
"73",2,73,0,0,0,0,0,0,0,0,1,0,1,0
"74",2,65,0,0,0,1,1,0,2,0,2,1,1,1
"75",1,46,3,1,0,0,1,1,1,0,2,1,1,0
"76",1,52,3,1,2,0,1,2,1,3,1,0,1,1
"77",2,57,5,1,0,0,0,0,4,0,2,0,0,0
"78",2,68,5,2,1,0,0,1,1,0,3,0,0,0
"79",2,62,1,0,1,0,1,2,0,1,1,0,1,0
"80",2,29,3,2,1,0,0,2,1,3,4,0,5,0
"81",1,38,4,0,3,0,3,7,1,0,4,1,2,0
"82",1,30,3,2,1,1,1,0,0,0,1,1,3,0
"83",2,NA,3,0,0,0,0,0,0,0,1,0,0,0
"84",1,49,2,0,1,0,3,1,1,0,3,1,1,1
"85",1,58,20,0,0,0,3,1,0,0,0,0,0,0
"86",2,38,1,0,0,0,3,0,0,0,0,1,1,0
"87",2,26,1,1,2,0,0,3,0,2,3,2,2,2
"88",1,56,4,0,0,0,0,0,0,0,3,0,0,0
"89",1,34,2,0,2,0,1,3,1,1,2,2,3,0
"90",2,45,6,0,1,0,3,0,3,1,1,2,3,0
"91",1,26,3,1,1,0,1,0,2,1,1,1,3,0
"92",1,32,15,2,4,2,15,5,5,8,10,5,30,5
"93",2,75,3,1,1,2,2,2,1,0,0,0,2,1
"94",2,54,7,1,3,0,7,5,2,7,10,5,10,2
"95",1,49,3,1,4,1,2,1,NA,2,5,2,4,1
"96",2,73,0,0,1,0,5,3,1,1,5,0,4,0
"97",2,42,2,0,1,0,2,0,0,1,0,0,1,1
"98",1,35,5,0,0,0,1,3,0,0,7,2,20,1
"99",1,34,5,2,2,1,6,4,4,0,4,2,4,0
"100",2,49,4,2,1,0,3,1,0,1,2,0,4,1
"101",2,41,5,6,2,1,1,0,1,0,1,2,3,1
"102",1,30,2,1,1,0,3,0,0,0,0,0,5,1
"103",2,60,3,1,1,0,2,2,2,1,2,1,1,1
"104",1,36,6,0,1,0,4,2,1,0,3,0,7,0
"105",1,38,7,0,4,0,10,1,0,1,8,0,4,1
"106",2,51,2,0,1,1,1,1,0,0,2,0,1,0
"107",2,29,5,1,0,2,2,5,1,3,1,1,3,1
"108",1,38,3,0,0,0,2,3,2,1,4,1,5,1
"109",2,57,5,2,2,1,6,4,2,3,6,3,8,2
"110",2,21,7,0,2,0,0,1,0,0,0,0,3,0
"111",1,51,10,2,2,0,2,1,2,1,9,3,7,2
"112",1,26,7,4,3,2,6,5,2,2,7,1,4,1
"113",1,19,2,4,0,0,1,2,0,0,5,0,3,0
"114",1,39,2,2,0,0,0,2,2,1,2,0,4,0
"115",2,21,3,5,0,2,3,1,2,1,2,1,4,1
"116",2,34,3,1,1,0,0,3,0,1,5,1,6,0
"117",1,50,0,0,0,0,0,0,0,0,1,0,0,0
"118",1,44,1,0,1,0,0,0,0,1,2,1,0,0
"119",2,61,0,0,0,0,0,0,0,0,0,0,0,0
"120",1,29,1,0,1,0,4,2,3,0,1,0,0,0
"121",2,47,2,0,1,0,1,0,0,0,2,1,1,0
"122",1,75,3,1,2,3,8,4,2,NA,3,2,4,3
"123",2,31,3,0,0,0,3,2,5,0,2,1,2,1
"124",1,32,2,1,1,0,0,2,0,0,1,1,2,1
"125",1,61,8,0,1,0,2,1,2,0,2,1,3,0
"126",1,44,2,0,1,2,2,0,0,1,1,1,4,0
"127",2,42,5,1,0,1,2,1,0,0,3,1,2,1
"128",2,50,2,1,1,0,0,1,1,0,1,1,0,0
"129",2,37,3,1,0,1,4,2,2,1,3,1,4,2
"130",1,44,10,0,2,0,1,0,0,1,5,1,3,0
"131",2,54,10,5,3,1,3,5,1,1,5,3,5,3
"132",2,23,15,0,1,1,0,5,0,1,0,0,1,1
"133",2,24,3,1,1,0,7,11,3,2,7,1,1,1
"134",2,25,2,1,2,0,2,5,1,1,1,3,5,1
"135",2,23,2,1,2,1,0,3,2,3,1,1,1,1
"136",2,NA,0,0,0,0,0,0,0,0,0,0,0,0
"137",2,30,10,7,5,1,10,10,3,10,7,5,18,3
"138",1,20,5,2,1,1,3,2,0,1,2,2,2,1
"139",2,84,2,1,2,0,3,1,2,0,5,0,2,3
"140",1,26,1,0,0,0,0,0,0,1,0,0,0,0
"141",1,59,3,2,1,2,8,4,2,3,5,4,6,2
"142",2,51,2,1,1,1,1,1,0,1,2,0,1,0
"143",2,30,7,1,3,0,3,7,1,2,5,3,10,2
"144",2,23,0,0,0,0,0,0,0,0,0,0,0,1
"145",2,35,3,3,2,0,2,0,0,1,3,0,5,1
"146",2,34,2,1,1,0,0,0,0,2,3,1,1,0
"147",2,33,5,1,1,2,5,2,3,0,3,2,3,1
"148",2,36,4,0,0,0,2,0,0,2,4,1,3,1
"149",2,42,10,5,5,3,10,5,3,5,10,0,10,2
"150",1,62,20,2,5,0,30,0,3,0,5,3,10,0
"151",2,50,6,4,2,1,10,1,1,5,5,3,4,5
"152",2,53,5,1,2,1,3,5,2,1,4,1,2,1
"153",2,20,1,1,0,0,1,3,1,0,1,2,2,3
"154",1,20,5,2,2,0,5,6,0,1,3,0,4,1
"155",2,70,3,0,1,0,2,1,1,1,1,1,2,0
"156",2,36,4,2,4,2,1,2,2,1,5,3,6,0
"157",1,36,5,7,1,2,3,2,6,0,4,1,1,0
"158",2,60,3,1,1,1,4,4,0,0,3,0,0,2
"159",2,41,3,0,0,1,0,1,1,0,0,1,1,0
"160",1,52,1,1,1,0,1,0,1,1,2,1,2,0
"161",2,26,3,0,1,1,1,0,0,3,1,0,3,1
"162",2,47,3,1,0,0,1,0,0,1,1,1,0,1
"163",2,55,7,0,2,0,4,1,2,1,3,4,2,2
"164",1,26,6,3,5,1,3,4,0,2,3,1,5,1
"165",2,54,5,1,1,1,4,2,1,0,5,3,6,0
"166",2,21,3,7,1,2,3,2,1,10,3,2,4,2
"167",1,33,4,0,0,0,0,2,0,0,2,0,1,0
"168",2,66,3,0,1,0,4,10,1,0,12,0,2,0
"169",2,NA,0,0,0,0,0,1,0,0,1,1,1,1
"170",1,73,15,2,2,3,10,3,10,1,15,2,5,0
"171",2,35,NA,3,3,0,3,2,1,0,2,1,0,0
"172",1,29,5,1,1,1,3,1,1,0,7,0,3,0
"173",1,22,3,1,0,1,3,95,2,2,1,2,1,0
"174",2,48,1,2,1,3,1,5,1,2,10,2,6,8
"175",2,57,4,3,4,2,8,5,4,4,10,3,4,6
"176",1,49,5,0,2,0,15,4,5,2,2,3,20,1
"177",2,60,0,1,0,0,1,0,1,1,0,0,1,0
"178",1,46,3,1,1,1,3,1,1,1,7,1,1,0
"179",1,76,0,0,0,0,0,0,0,0,1,0,1,0
"180",1,35,2,4,1,1,1,2,3,1,0,2,0,0
"181",2,NA,5,2,0,0,2,1,0,0,4,0,3,0
"182",2,26,2,0,2,0,10,2,6,2,NA,1,4,2
"183",1,NA,7,3,2,1,10,3,1,0,5,0,4,2
"184",2,61,10,0,2,0,2,2,0,0,0,1,0,2
"185",2,72,0,1,0,0,1,1,0,0,0,1,2,1
"186",2,62,10,0,3,1,5,2,0,2,6,1,5,1
"187",1,59,4,2,1,0,6,1,2,1,4,1,3,0
"188",2,58,2,1,1,1,3,3,0,1,3,1,4,0
"189",2,24,5,2,4,1,1,6,0,1,1,1,3,3
"190",2,34,3,1,1,1,2,5,2,1,10,2,4,1
"191",2,62,3,1,0,1,4,2,1,2,3,3,3,1
"192",1,27,3,0,0,0,2,0,1,0,1,1,2,0
"193",2,43,4,6,2,2,1,1,1,1,2,2,2,1
"194",1,37,2,0,0,1,0,2,2,2,0,0,2,0
"195",1,30,2,0,1,0,5,2,0,1,5,0,2,0
"196",2,33,2,1,1,1,0,0,2,1,0,0,2,0
"197",1,50,1,1,0,0,1,1,0,0,1,0,1,0
"198",1,50,5,1,0,0,5,3,2,0,6,0,2,0
"199",1,42,5,0,2,0,8,3,3,2,3,1,5,1
"200",2,51,1,0,1,1,2,1,1,2,3,1,1,1
"201",2,41,1,0,1,0,1,2,0,1,7,0,4,1
"202",1,18,5,1,1,1,4,2,2,1,1,1,3,3
"203",1,80,2,6,0,0,10,3,2,0,10,3,10,0
"204",2,49,2,4,1,1,2,1,1,1,3,2,2,3
"205",2,44,7,1,3,0,7,4,3,2,7,1,4,0
"206",2,42,10,3,6,2,20,8,2,5,12,5,7,4
"207",2,28,0,1,1,0,2,1,0,1,7,1,3,1
"208",1,50,12,0,3,2,6,6,4,12,12,2,6,4
"209",1,77,2,0,1,2,1,0,2,1,6,1,3,1
"210",1,20,10,0,5,4,10,5,4,3,3,2,5,2
"211",1,47,1,0,0,0,2,2,1,0,1,0,1,0
"212",1,53,5,0,2,0,7,3,2,2,10,0,5,2
"213",2,21,4,2,1,0,1,5,0,1,2,1,4,3
"214",2,26,7,1,3,0,0,4,0,0,1,1,1,0
"215",1,28,12,0,4,0,4,3,0,0,2,6,8,5
"216",1,22,1,1,3,0,0,5,2,0,1,1,3,0
"217",2,84,7,1,1,0,2,3,1,0,7,1,1,0
"218",1,47,2,1,1,2,1,3,0,0,4,0,1,1
"219",2,78,0,0,1,0,2,0,0,0,2,0,2,0
"220",1,32,1,0,1,0,1,3,0,1,1,1,2,1
"221",1,43,15,0,2,0,20,1,1,3,12,3,20,6
"222",2,32,3,0,1,2,2,4,5,2,7,3,10,0
"223",1,37,10,1,5,0,4,3,5,2,8,3,7,2
"224",2,30,2,0,1,0,0,2,1,2,3,3,5,2
"225",1,46,1,2,0,0,0,0,0,1,3,0,4,1
"226",2,32,10,4,3,4,1,2,2,1,4,2,3,7
"227",2,75,10,3,2,1,7,3,2,2,8,2,5,2
"228",2,22,1,1,1,0,0,1,0,0,0,1,0,0
"229",2,30,2,2,0,1,3,1,2,2,4,1,0,1
"230",1,39,2,0,1,0,0,0,1,0,1,0,0,0
"231",2,71,0,0,0,1,1,0,0,0,2,0,1,1
"232",2,30,3,2,1,1,2,0,2,0,2,0,3,1
"233",2,36,10,2,2,1,1,4,1,3,5,0,4,2
"234",1,23,7,3,12,0,7,3,2,0,5,2,4,5
"235",2,30,3,1,0,0,0,2,1,0,2,1,0,0
"236",2,46,15,5,1,0,10,10,5,2,10,4,6,0
"237",2,23,6,1,1,0,5,2,1,0,4,0,1,0
"238",1,21,1,0,1,1,1,4,1,1,2,2,4,2
"239",2,85,0,0,0,0,0,0,0,0,0,0,0,0
"240",1,50,7,1,3,0,2,3,1,0,4,0,3,0
"241",1,18,2,1,1,0,2,1,2,1,2,1,1,0
"242",1,25,1,0,5,0,1,3,2,1,2,1,0,3
"243",1,28,5,1,4,1,2,2,1,1,3,0,3,0
"244",1,35,2,0,0,1,1,0,0,0,1,1,0,0
"245",1,42,0,1,0,0,2,0,0,1,1,2,0,0
"246",1,23,3,1,5,1,1,3,0,1,2,1,0,2
"247",1,59,4,1,1,0,1,1,3,1,3,1,2,1
"248",2,43,10,6,6,2,10,10,3,2,10,7,5,5
"249",2,32,7,0,3,0,2,0,0,1,5,1,4,0
"250",1,44,7,2,3,1,10,3,6,1,4,1,3,7
"251",1,57,7,1,4,0,3,4,0,2,6,3,3,2
"252",2,25,3,1,0,1,2,3,0,0,2,0,1,3
"253",2,41,1,0,1,0,1,0,1,1,0,1,0,0
"254",1,43,10,2,1,0,2,2,1,1,10,1,3,1
"255",1,34,3,0,1,1,1,1,1,0,2,1,1,1
"256",1,19,3,1,1,0,1,5,1,3,1,4,1,3
"257",2,27,3,2,0,0,0,0,3,1,0,0,2,2
"258",2,27,0,0,0,0,1,0,1,1,2,1,1,0
"259",1,21,2,0,1,0,0,1,0,0,1,0,0,0
"260",1,59,6,2,4,1,7,0,3,0,7,2,3,1
"261",1,21,4,0,0,0,2,7,1,1,0,1,2,2
"262",2,55,4,0,1,0,0,0,0,1,1,0,2,0
"263",1,81,1,0,1,1,1,1,1,0,1,0,1,0
"264",2,53,2,0,1,1,0,1,1,0,1,1,0,1
"265",1,87,0,1,2,2,8,3,2,0,50,2,4,0
"266",2,NA,5,8,5,4,12,8,6,4,12,2,7,4
"267",2,52,3,0,0,0,0,0,0,0,1,0,2,0
"268",1,49,2,0,2,0,1,2,0,1,5,1,3,0
"269",1,68,4,2,0,0,7,3,4,1,8,1,7,2
"270",2,29,4,2,1,0,1,1,1,1,0,0,0,0
"271",1,67,0,1,0,0,2,0,0,0,1,1,1,1
"272",1,54,8,1,1,0,2,1,0,1,6,1,0,0
"273",2,32,7,0,1,2,1,0,2,1,1,0,1,0
"274",2,37,1,0,0,0,1,1,0,1,1,0,4,1
"275",1,54,2,0,1,3,10,1,2,0,10,10,5,1
"276",1,22,6,4,3,0,3,5,3,0,2,3,2,1
"277",1,68,3,1,1,0,2,NA,1,1,2,0,2,0
"278",2,29,2,1,1,0,2,1,0,1,1,0,4,0
"279",1,50,5,2,1,0,1,1,0,0,1,0,1,1
"280",2,19,5,2,1,0,0,1,4,7,5,3,1,4
"281",1,21,7,7,7,7,7,7,7,7,7,7,7,7
"282",1,18,11,5,15,3,4,5,3,2,5,5,10,6
"283",1,20,3,4,2,2,0,4,1,3,2,0,4,2
"284",2,32,15,3,4,0,4,6,3,2,3,1,4,2
"285",2,40,20,1,7,3,0,9,3,1,7,1,5,2
"286",2,45,1,0,0,0,0,0,0,0,0,0,0,0
"287",1,19,15,10,20,3,10,15,10,5,10,10,5,15
"288",2,67,7,1,2,1,3,1,0,1,4,1,2,1
"289",2,NA,6,2,10,5,10,4,20,6,4,3,2,8
"290",1,42,10,3,2,0,10,4,10,2,10,3,10,6
"291",2,34,3,1,1,0,1,0,1,0,1,1,7,0
"292",2,22,3,1,0,0,0,2,1,1,2,2,1,0
"293",2,44,6,0,1,1,3,0,2,0,4,2,3,0
"294",1,18,10,5,7,1,5,8,3,0,10,3,5,3
"295",1,43,5,1,1,0,2,0,1,1,10,0,6,0
"296",1,77,2,0,0,0,0,0,0,1,0,0,1,0
"297",1,25,3,1,0,0,2,2,2,0,1,0,0,0
"298",1,30,3,0,2,1,2,3,2,1,4,1,2,2
"299",2,82,7,0,1,0,3,1,0,1,1,1,1,0
"300",2,44,4,0,0,2,2,4,3,2,3,3,2,0
"301",2,47,10,3,2,7,10,3,4,3,12,4,7,2
"302",2,47,2,1,0,1,2,1,1,1,3,1,1,0
"303",2,40,12,0,1,0,10,1,0,1,2,1,3,0
"304",2,57,3,2,0,1,5,2,1,0,3,0,1,0
"305",1,31,12,1,0,6,12,3,20,0,2,3,1,0
"306",2,36,3,2,2,0,2,3,1,0,5,1,6,1
"307",2,72,1,0,0,1,1,0,1,0,0,1,0,0
"308",1,20,2,0,0,0,0,0,1,0,1,0,0,0
"309",2,68,0,1,1,0,1,1,0,1,1,1,1,1
"310",2,27,7,2,7,7,3,2,3,7,7,7,2,0
"311",2,30,2,1,1,1,1,2,0,1,1,1,2,0
"312",1,43,12,2,2,0,7,2,4,4,6,0,8,0
"313",2,36,15,5,3,1,6,8,7,1,12,1,9,6
"314",2,48,1,2,5,1,4,6,3,2,7,3,10,2
"315",1,NA,3,1,3,1,10,5,4,2,8,2,10,2
"316",2,38,2,0,0,0,0,2,1,1,2,0,2,0
"317",1,77,3,2,1,1,2,1,4,1,6,3,3,0
"318",1,30,3,0,1,0,2,1,1,0,1,0,1,0
"319",2,63,6,2,6,1,6,4,2,2,7,2,5,1
"320",2,38,4,1,4,1,3,4,3,0,6,2,4,0
"321",2,21,3,2,2,1,2,0,2,3,3,1,2,1
"322",1,27,8,1,3,1,3,5,3,2,4,2,4,3
"323",1,18,3,3,4,0,2,4,2,1,2,3,2,3
"324",2,25,10,3,2,2,4,2,2,3,3,3,6,1
"325",2,64,3,1,1,0,5,0,0,0,2,0,1,3
"326",2,27,1,0,1,0,0,0,0,0,0,0,1,0
"327",1,45,6,1,2,0,3,24,3,1,10,0,10,1
"328",1,52,10,7,1,0,10,7,7,7,7,7,7,7
"329",1,26,4,2,3,0,10,5,1,2,3,3,4,1
"330",1,52,1,0,0,0,4,1,0,1,3,0,0,0
"331",2,NA,30,2,1,0,2,4,2,3,5,2,7,2
"332",2,36,3,0,1,0,1,1,1,2,0,0,1,0
"333",2,33,1,2,1,0,0,0,0,0,0,0,1,0
"334",2,60,0,1,1,0,1,0,0,1,0,1,1,0
"335",1,19,4,8,10,2,2,4,3,2,1,9,1,5
"336",1,44,40,7,8,8,20,4,4,7,17,4,30,6
"337",1,40,2,1,1,0,1,1,0,0,1,0,0,1
"338",2,25,0,0,1,0,2,1,1,3,2,1,1,1
"339",2,52,5,1,5,1,4,10,2,5,5,1,3,4
"340",1,37,3,1,3,0,1,2,3,0,4,0,2,0
"341",2,29,5,2,2,1,3,5,3,3,3,5,5,2
"342",1,70,4,1,1,1,6,2,2,3,7,1,4,1
"343",2,27,3,0,0,0,2,0,0,0,1,1,0,1
"344",1,78,0,0,0,0,0,0,0,0,0,0,0,0
"345",2,50,7,3,0,0,2,1,2,0,3,0,3,1
"346",2,32,2,1,1,3,3,1,0,1,2,3,1,1
"347",2,NA,2,1,1,0,0,0,1,0,1,0,1,0
"348",2,NA,3,0,7,1,10,2,2,3,5,6,15,1
"349",1,69,NA,2,1,3,0,0,2,1,3,1,1,2
"350",2,39,3,1,2,0,3,2,4,1,4,2,5,4
"351",2,25,7,1,1,0,3,2,1,1,3,1,1,2
"352",2,27,3,0,3,1,2,2,1,2,3,2,2,3
"353",1,72,3,0,0,0,6,1,1,2,6,0,2,0
"354",2,53,1,0,0,0,0,1,0,0,1,1,1,1
"355",2,62,6,2,5,3,5,6,8,2,10,3,10,3
"356",1,27,4,2,0,0,1,1,0,0,2,2,5,2
"357",2,46,5,0,1,0,4,3,7,1,5,2,1,2
"358",2,45,10,1,1,0,3,0,1,2,4,1,3,1
"359",1,32,10,3,5,1,7,3,2,10,12,8,10,3
"360",2,24,5,3,4,1,1,3,0,1,1,0,2,1
"361",1,76,4,1,0,0,12,3,0,2,4,2,3,0
"362",2,33,3,0,23,1,2,1,1,2,1,0,4,1
"363",1,36,1,2,0,1,2,1,0,0,1,1,2,1
"364",1,38,4,1,1,0,2,1,1,0,2,1,2,0
"365",1,43,12,2,3,0,5,3,1,0,6,3,6,1
"366",2,60,5,0,0,1,0,0,0,1,3,0,1,0
"367",2,78,2,0,0,0,0,0,0,0,0,0,1,0
"368",1,22,10,5,10,0,4,0,3,0,2,1,3,0
"369",2,50,20,2,0,1,20,6,3,1,5,0,6,2
"370",2,30,7,0,0,3,10,0,3,3,10,3,5,2
"371",1,66,1,0,1,0,1,1,0,2,2,0,3,0
"372",2,57,1,2,2,3,5,3,1,3,8,3,0,1
"373",2,21,3,2,3,0,1,5,0,3,4,3,3,1
"374",2,80,2,0,0,0,0,1,0,0,0,0,0,0
"375",1,18,2,1,2,0,1,5,7,2,1,3,1,0
"376",1,33,15,0,5,1,10,2,3,9,4,1,2,3
"377",1,38,15,4,15,0,5,1,3,10,7,4,10,0
"378",2,56,3,0,1,2,7,7,2,0,4,0,7,1
"379",1,41,7,3,5,0,6,3,2,3,8,1,15,2
"380",2,26,2,2,0,0,0,0,0,1,1,1,1,1
"381",2,64,3,0,1,0,5,2,1,0,3,0,0,3
"382",2,44,4,1,1,1,1,2,1,1,1,0,1,0
"383",2,65,6,2,12,2,10,6,2,3,2,5,5,2
"384",2,29,3,0,0,0,4,0,5,0,5,0,1,1
"385",2,45,20,7,15,2,20,5,5,4,30,1,20,4
"386",1,31,6,0,2,0,3,2,2,1,4,1,3,0
"387",1,46,14,1,1,0,2,4,1,2,2,0,1,1
"388",2,51,10,2,6,0,40,12,5,5,50,30,0,20
"389",2,74,1,0,1,1,4,0,1,0,1,1,2,0
"390",1,46,8,5,4,0,5,2,3,4,8,0,5,3
"391",2,71,0,0,0,1,1,0,0,1,1,1,2,1
"392",2,48,20,0,2,1,7,2,0,2,9,2,12,0
"393",2,36,2,0,1,1,0,2,0,0,2,1,2,0
"394",1,38,2,0,1,0,2,0,0,0,1,0,2,0
"395",2,48,4,0,2,2,1,3,0,1,2,0,2,1
"396",2,47,5,0,3,1,6,3,3,4,6,2,5,2
"397",2,80,0,0,0,1,0,0,0,0,4,2,1,0
"398",1,19,5,0,1,0,2,1,1,0,0,0,2,0
"399",2,22,15,2,1,1,4,4,1,1,6,2,12,2
"400",2,45,4,0,1,1,1,2,3,0,4,1,3,2
"401",1,36,4,1,2,0,7,3,2,1,1,1,1,0
"402",1,32,2,0,1,0,2,1,0,0,1,0,2,0
"403",2,63,2,1,1,0,1,1,1,0,1,0,1,1
"404",1,32,0,0,0,0,0,1,0,1,1,1,1,1
"405",1,36,8,1,1,0,3,1,2,0,1,2,1,0
"406",1,40,6,0,3,0,1,0,1,0,3,0,0,0
"407",1,60,4,0,3,1,0,3,1,2,15,2,7,1
"408",2,62,0,0,1,0,0,1,0,0,1,0,1,0
"409",1,70,NA,0,1,0,1,1,1,0,0,0,1,0
"410",1,35,5,0,2,0,4,1,4,2,1,1,2,0
"411",2,62,0,0,7,0,0,0,0,0,0,0,2,0
"412",2,33,6,0,0,0,2,4,2,0,0,0,0,1
"413",2,NA,4,1,0,0,2,1,1,0,1,0,3,2
"414",2,54,10,10,7,7,7,7,7,2,10,3,7,1
"415",1,52,6,2,3,2,7,2,1,8,6,2,5,3
"416",1,33,2,1,1,0,1,1,0,1,2,1,1,0
"417",2,54,0,0,0,0,2,1,0,0,0,0,0,0
"418",1,45,40,2,5,1,10,10,10,10,10,10,10,10
"419",2,50,2,0,0,0,0,3,0,1,3,2,1,1
"420",2,39,5,1,1,0,3,0,0,0,1,1,2,1
"421",2,75,0,0,1,0,1,0,0,0,1,0,1,1
"422",2,38,4,1,1,0,4,0,0,1,4,1,2,0
"423",1,53,0,1,1,0,3,0,2,0,5,0,0,0
"424",2,66,12,3,2,0,10,1,0,1,6,2,12,2
"425",2,23,7,4,1,1,2,7,1,3,1,1,4,4
"426",2,50,5,1,5,3,7,2,2,1,8,2,6,2
"427",2,59,7,5,4,3,10,3,8,3,10,4,8,1
"428",2,21,2,0,0,0,1,4,0,0,0,0,1,1
"429",2,64,2,0,0,0,2,1,0,1,0,0,2,0
"430",2,27,50,10,8,2,20,10,3,15,12,6,4,2
"431",2,45,3,1,1,2,1,1,2,0,4,1,3,0
"432",1,28,4,3,4,0,1,5,2,4,6,0,8,1
"433",1,76,1,0,0,0,1,0,0,0,2,0,1,0
"434",2,54,7,4,3,1,7,1,4,1,10,2,7,1
"435",2,19,2,0,2,0,1,1,0,1,3,1,2,0
"436",2,60,0,0,0,4,7,2,4,7,10,4,7,4
"437",1,25,3,1,2,0,1,0,0,1,3,1,1,1
"438",2,52,3,7,1,1,2,2,3,1,2,2,2,0
"439",2,52,1,3,0,1,0,1,0,1,1,0,1,0
"440",2,36,3,0,0,0,0,1,0,0,0,0,2,0
"441",2,NA,0,0,1,0,1,1,0,0,2,0,1,1
"442",2,32,1,0,0,0,0,0,0,0,1,1,0,0
"443",1,30,2,0,1,0,1,2,0,0,1,1,0,0
"444",2,37,2,1,2,0,3,4,1,1,7,2,3,0
"445",1,26,3,1,0,1,3,6,2,3,1,0,2,1
"446",2,29,3,1,4,2,0,1,2,0,1,2,5,0
"447",2,68,0,0,1,1,0,0,0,1,0,0,1,0
"448",2,22,3,0,2,0,0,0,0,1,0,1,1,0
"449",1,22,0,2,2,1,3,5,2,3,3,1,2,2
"450",2,48,3,2,0,0,2,0,1,1,1,1,0,0
"451",2,34,10,15,5,0,10,8,0,2,5,2,5,1
"452",1,71,1,1,0,0,2,1,1,0,2,0,2,0
"453",2,54,10,2,1,0,1,3,2,0,15,0,3,1
"454",1,45,12,0,5,2,25,0,5,0,12,2,8,1
"455",1,45,10,2,2,5,10,10,2,2,10,3,15,1
"456",2,54,9,1,2,1,5,1,1,1,4,0,0,2
"457",2,22,4,0,1,0,1,1,0,0,1,0,2,1
"458",2,31,5,9,1,1,1,1,2,5,1,1,1,1
"459",2,38,7,1,0,1,4,1,0,2,5,0,8,0
"460",2,47,3,1,0,0,0,3,0,0,2,1,2,0
"461",2,35,3,1,2,0,1,1,4,3,6,1,1,1
"462",1,45,2,1,1,1,2,0,1,0,2,1,1,0
"463",1,32,3,1,1,0,2,1,2,1,3,1,3,1
"464",2,31,2,0,0,1,3,0,0,1,1,0,0,0
"465",2,24,7,2,2,1,1,4,3,2,7,3,2,1
"466",2,48,2,0,1,2,4,1,0,0,3,3,5,1
"467",1,40,10,2,1,6,3,4,5,3,4,2,7,5
"468",2,25,5,3,5,1,1,1,1,0,3,0,1,1
"469",1,60,15,0,0,0,15,1,2,0,20,2,8,2
"470",2,35,2,1,0,0,1,0,2,0,1,0,0,0
"471",1,42,10,NA,1,0,5,1,6,2,3,1,6,1
"472",1,40,4,1,2,1,6,2,1,3,2,3,6,0
"473",2,52,1,0,0,0,1,1,1,1,3,1,3,2
"474",2,51,20,1,1,0,2,1,5,0,10,1,1,2
"475",2,26,4,0,0,1,3,5,1,1,0,1,1,1
"476",1,18,2,0,0,0,0,1,0,0,1,1,1,1
"477",2,27,2,0,0,0,0,1,0,0,0,0,0,0
"478",2,19,7,5,10,4,2,3,2,1,6,1,1,1
"479",2,38,3,4,0,1,3,1,0,0,3,2,2,1
"480",2,46,2,1,0,0,0,0,0,1,0,0,1,1
"481",1,24,6,2,2,0,0,4,2,1,4,1,5,0
"482",1,48,30,10,50,2,15,3,5,1,10,1,5,1
"483",2,37,0,0,0,0,1,0,0,1,4,0,1,0
"484",1,39,NA,NA,NA,1,1,NA,NA,1,NA,NA,NA,NA
"485",2,30,2,0,1,1,1,0,0,0,2,0,3,0
"486",2,NA,6,4,2,1,6,3,4,5,2,1,5,2
"487",2,30,3,0,2,0,4,1,1,2,3,1,6,1
"488",2,44,2,3,1,0,3,2,0,2,3,1,2,1
"489",1,30,0,0,0,0,0,0,0,0,1,0,0,0
"490",2,40,2,1,2,0,2,2,1,1,4,2,3,1
"491",1,56,1,0,0,0,2,0,1,2,1,1,2,1
"492",1,29,2,1,1,0,3,1,1,1,2,0,1,1
"493",2,62,2,1,1,1,2,1,1,1,2,1,2,0
"494",1,18,7,4,10,0,5,6,2,4,7,1,4,5
"495",1,53,5,2,1,1,1,3,0,1,1,3,6,4
"496",1,31,3,0,0,1,0,1,2,1,3,2,0,2
"497",2,60,0,0,1,0,3,0,1,4,5,2,4,0
"498",2,21,3,1,1,1,1,2,1,1,1,0,1,0
"499",1,37,6,2,0,0,12,2,1,4,6,2,3,0
"500",2,55,1,1,1,1,5,2,0,2,1,1,1,1
"501",2,55,0,0,0,0,0,0,0,0,10,0,1,0
"502",2,30,0,0,0,0,0,0,2,0,2,0,1,0
"503",1,33,7,2,5,2,4,1,4,3,6,2,3,3
"504",1,73,1,0,0,0,3,1,1,1,1,0,2,0
"505",2,27,10,3,5,1,10,8,0,5,12,6,15,3
"506",1,37,3,0,2,1,4,1,0,2,5,1,1,0
"507",2,23,0,0,1,0,1,1,0,1,0,0,1,0
"508",2,34,2,4,0,1,1,2,0,0,5,2,6,1
"509",2,25,2,2,6,0,1,4,2,1,1,0,0,1
"510",1,22,2,6,1,0,4,2,7,1,3,2,6,1
"511",2,33,2,2,3,0,2,0,1,2,0,1,5,0
"512",1,22,1,0,0,0,3,1,1,2,5,0,5,2
"513",2,56,3,0,0,0,2,1,1,1,1,3,1,1
"514",1,40,3,1,0,1,1,2,0,1,3,1,2,1
"515",1,44,1,1,0,1,3,2,3,1,3,3,2,2
"516",1,57,8,0,3,1,8,0,2,1,10,1,10,0
"517",2,47,2,8,4,23,2,15,1,2,2,4,4,4
"518",1,18,3,0,2,1,3,4,1,2,2,1,3,0
"519",2,52,2,0,0,0,5,2,0,0,0,0,1,0
"520",2,64,20,1,2,2,15,2,1,2,10,0,5,0
"521",2,23,3,0,1,0,1,1,0,1,0,1,1,1
"522",2,39,3,0,1,0,4,1,1,0,4,0,1,0
"523",1,42,4,0,0,0,4,4,0,2,8,1,3,1
"524",2,48,6,1,2,0,3,10,1,1,8,1,10,1
"525",1,21,5,0,1,0,0,1,0,1,3,0,2,0
"526",1,30,4,0,1,1,2,1,0,0,3,0,1,0
"527",1,29,7,1,2,0,7,4,1,0,8,1,5,1
"528",2,20,4,3,4,1,5,7,2,2,2,4,4,1
"529",2,35,10,4,3,0,5,1,10,0,5,1,5,3
"530",2,48,2,3,1,0,4,2,0,3,2,1,3,0
"531",1,68,3,1,0,0,6,1,3,0,6,1,2,0
"532",2,34,3,2,1,1,2,1,4,4,2,2,2,1
"533",2,67,1,2,2,1,0,1,0,1,1,0,1,0
"534",2,41,3,0,0,0,5,7,0,3,4,2,5,1
"535",1,26,7,0,1,2,0,3,3,1,3,1,4,1
"536",2,56,1,1,1,0,6,2,2,2,15,2,5,3
"537",2,53,5,3,2,2,20,3,5,3,12,4,8,3
"538",1,31,3,1,5,0,4,0,2,3,4,1,2,0
"539",1,75,0,0,0,0,0,0,0,0,0,1,3,0
"540",2,44,5,3,10,2,4,2,0,2,10,2,10,5
"541",1,32,5,3,8,0,10,4,0,1,5,1,4,0
"542",2,38,4,1,1,1,0,2,1,0,2,0,1,0
"543",1,30,10,5,3,0,5,2,0,1,5,1,2,0
"544",1,18,5,1,1,1,0,10,2,1,3,4,3,0
"545",1,44,2,0,2,1,3,1,0,0,4,1,3,1
"546",1,51,2,0,1,0,2,1,0,0,2,0,0,0
"547",1,56,10,10,10,10,10,10,10,10,10,10,10,10
"548",1,35,5,2,2,0,1,2,3,0,4,1,2,0
"549",2,18,1,0,0,0,0,0,0,0,2,1,1,1
"550",2,38,4,2,1,7,20,10,8,0,7,1,20,20
"551",1,45,1,0,0,0,0,1,0,1,0,1,0,0
"552",1,37,12,2,10,2,8,4,5,4,15,6,12,3
"553",1,50,5,1,4,0,20,5,2,2,15,3,15,2
"554",2,33,0,0,0,0,0,0,0,0,0,0,0,0
"555",1,29,1,0,0,0,0,2,0,0,1,1,3,2
"556",1,52,6,1,1,3,2,6,2,1,11,2,6,1
"557",2,31,0,3,0,0,5,3,0,2,2,1,4,3
"558",2,24,10,3,7,1,5,0,2,2,1,2,3,0
"559",1,19,4,2,1,0,1,2,1,1,3,1,2,2
"560",2,48,2,2,1,0,0,0,1,0,1,1,1,4
"561",2,34,7,2,0,1,8,2,3,0,2,1,4,2
"562",2,70,1,0,1,0,3,0,0,0,7,0,1,1
"563",2,39,3,1,2,1,4,2,1,2,2,2,2,0
"564",1,52,3,0,2,0,5,1,2,1,2,0,1,1
"565",1,38,3,1,1,2,3,1,0,2,3,1,1,0
"566",2,45,4,3,0,2,0,5,4,0,6,3,10,2
"567",2,38,2,0,1,0,3,1,0,0,1,2,2,0
"568",2,69,4,3,1,0,3,1,0,2,3,1,5,0
"569",2,27,6,1,1,0,4,0,3,0,2,0,1,2
"570",2,36,15,2,4,1,5,3,2,5,7,3,9,2
"571",2,37,5,1,0,6,12,3,3,2,5,4,3,4
"572",1,23,6,3,5,1,7,7,4,3,7,7,6,3
"573",2,27,0,0,3,0,2,5,1,1,0,2,0,0
"574",1,46,3,0,1,0,3,1,2,1,4,0,1,1
"575",1,53,10,4,0,1,1,0,0,0,5,0,3,1
"576",1,18,10,1,1,0,3,6,4,1,3,1,2,3
"577",1,49,10,1,1,1,10,1,10,0,10,1,3,1
"578",2,28,3,0,1,0,0,0,1,0,0,0,0,0
"579",1,43,7,0,3,0,20,5,3,0,10,0,2,0
"580",1,53,3,1,1,0,4,0,5,0,5,1,2,0
"581",2,57,2,0,1,0,1,1,0,1,2,0,3,0
"582",2,66,6,1,0,0,2,1,1,1,3,0,2,0
"583",2,38,3,0,1,0,2,3,1,1,4,0,6,1
"584",2,37,1,0,2,0,2,1,1,1,0,1,2,0
"585",2,27,3,1,2,0,1,2,0,1,2,0,4,1
"586",1,33,5,2,1,0,2,2,0,1,4,1,8,1
"587",1,26,5,1,0,0,5,0,0,2,2,0,10,0
"588",1,44,3,0,2,0,3,2,1,2,4,2,1,1
"589",1,24,3,1,0,1,4,1,1,0,1,1,2,1
"590",1,50,7,0,3,0,4,0,5,0,8,2,4,0
"591",2,73,1,0,0,0,1,0,0,0,3,0,2,1
"592",2,57,3,1,2,3,6,2,1,0,15,7,6,1
"593",1,43,4,0,4,0,6,1,2,1,8,1,5,0
"594",1,26,10,3,8,0,4,3,0,1,4,0,2,1
"595",1,46,10,2,6,4,15,5,5,3,15,4,10,3
"596",2,33,5,1,2,0,2,1,0,1,0,2,1,1
"597",2,61,10,5,2,1,8,6,1,0,4,0,10,0
"598",2,33,6,3,4,1,10,2,3,1,6,1,10,0
"599",2,55,2,0,1,0,3,2,0,2,3,0,4,0
"600",1,56,1,0,1,0,3,0,1,0,0,1,1,0
"601",2,28,1,0,1,0,0,2,0,3,2,0,3,1
"602",2,36,0,1,0,0,1,1,1,0,0,1,0,0
"603",2,28,15,0,10,2,8,20,1,2,8,3,15,0
"604",2,22,5,1,1,1,0,0,1,3,0,1,3,0
"605",1,47,2,1,1,0,3,0,1,0,5,0,3,0
"606",1,55,10,1,3,0,12,5,50,2,20,2,10,3
"607",1,78,6,1,1,2,8,1,6,1,4,1,4,1
"608",NA,NA,NA,NA,NA,NA,NA,NA,NA,NA,NA,NA,NA,NA
"609",1,35,30,8,15,3,15,5,10,5,30,10,25,3
"610",1,57,4,0,0,2,6,2,1,1,5,1,4,0
"611",2,50,2,1,1,2,0,2,2,1,2,0,1,0
"612",2,67,3,1,1,1,1,1,0,1,1,2,2,1
"613",1,19,10,5,1,0,0,0,0,0,0,2,0,0
"614",1,31,7,2,2,0,1,3,3,0,1,1,7,0
"615",2,32,5,0,0,2,2,4,6,0,2,1,7,6
"616",1,63,2,3,0,1,4,1,3,0,3,0,1,0
"617",2,24,1,0,1,0,2,1,1,0,1,1,2,1
"618",1,46,7,1,3,2,5,0,15,0,10,0,5,0
"619",2,40,1,1,1,0,1,1,1,0,0,1,1,0
"620",2,72,2,0,0,0,0,0,0,0,1,0,0,0
"621",2,36,5,2,1,1,1,2,5,0,1,1,7,4
"622",1,58,5,0,0,0,1,0,0,0,7,0,5,0
"623",2,56,1,4,1,0,2,1,2,1,1,1,0,1
"624",2,40,2,0,1,0,4,0,7,1,3,0,1,0
"625",1,29,1,0,1,0,0,0,0,0,0,0,1,0
"626",2,75,0,1,2,0,1,0,2,0,3,2,1,0
"627",2,39,6,1,1,0,3,2,2,0,6,3,3,0
"628",1,35,50,5,7,2,8,13,2,1,11,1,4,2
"629",2,50,1,1,0,1,3,0,0,1,4,0,1,1
"630",2,48,4,0,0,0,5,0,1,0,2,0,2,1
"631",2,47,3,1,1,0,2,2,2,1,2,2,1,1
"632",1,81,0,0,0,0,2,1,0,3,0,0,2,0
"633",2,46,1,2,1,2,2,2,1,0,0,4,1,1
"634",2,24,1,1,1,1,2,3,0,1,2,0,2,1
"635",2,28,8,2,2,1,1,1,2,1,3,3,2,2
"636",2,24,1,0,0,0,1,0,0,1,0,0,1,0
"637",2,45,2,0,1,0,0,0,1,1,2,1,0,1
"638",1,75,3,0,1,1,3,1,2,1,1,2,2,1
"639",2,35,2,1,1,0,0,2,1,0,1,0,0,2
"640",2,19,5,0,2,1,2,0,0,1,1,0,8,0
"641",2,63,3,1,1,1,2,2,3,1,3,0,1,2
"642",2,NA,4,2,5,2,1,0,12,0,5,1,1,0
"643",2,NA,60,4,6,3,15,12,4,2,5,3,7,3
"644",2,39,3,2,1,0,2,0,0,1,0,1,2,0
"645",1,57,3,0,0,0,2,0,0,0,0,0,2,1
"646",1,62,3,2,2,1,5,2,5,1,5,0,3,2
"647",2,50,1,0,1,0,1,0,1,0,2,1,1,0
"648",1,20,3,1,1,0,3,1,5,0,1,0,1,2
"649",1,19,1,1,3,2,1,1,1,0,3,1,1,1
"650",2,40,5,2,5,1,1,1,4,1,1,2,1,2
"651",2,59,0,0,0,0,0,0,0,0,0,0,0,0
"652",1,68,2,1,1,0,2,0,2,0,3,1,3,0
"653",2,26,0,1,1,2,0,5,0,0,2,2,4,1
"654",1,41,0,1,0,0,1,0,0,0,6,0,5,0
"655",2,80,1,0,0,0,1,1,1,1,1,1,7,0
"656",2,NA,0,1,0,0,1,1,1,1,1,1,1,1
"657",1,46,3,1,1,1,0,1,1,0,8,1,2,1
"658",2,38,20,5,2,1,2,0,1,1,8,2,30,1
"659",1,28,7,1,2,0,2,1,2,2,2,2,5,0
"660",2,55,3,1,2,1,4,2,2,0,3,1,2,2
"661",2,21,4,4,3,3,1,10,7,4,6,4,6,3
"662",2,50,10,2,1,1,3,0,1,3,4,2,1,1
"663",1,51,NA,0,0,0,2,1,0,1,2,1,1,1
"664",1,38,7,1,0,0,2,1,1,2,5,0,2,1
"665",1,54,4,0,0,0,1,1,1,1,4,1,2,0
"666",1,28,3,0,2,0,1,0,0,0,1,0,3,4
"667",2,65,2,0,1,1,1,1,2,0,4,0,1,1
"668",1,70,25,0,3,3,20,4,50,4,50,3,20,2
"669",2,43,3,0,0,0,2,2,0,1,1,0,0,0
"670",2,39,2,1,2,0,0,1,0,0,1,0,0,0
"671",1,33,1,0,1,0,2,2,1,2,3,3,4,1
"672",1,43,5,1,1,0,2,5,2,0,6,1,4,2
"673",1,46,3,1,1,1,5,1,1,0,6,1,2,0
"674",2,24,1,0,0,0,0,0,1,1,0,1,0,0
"675",2,37,6,1,3,1,5,3,0,7,6,3,5,0
"676",2,46,0,0,0,0,1,0,0,2,2,0,0,0
"677",2,73,2,0,1,0,1,1,0,0,3,0,2,1
"678",2,37,4,2,3,0,6,1,2,1,2,1,3,1
"679",2,78,4,2,2,4,3,1,5,0,4,2,6,2
"680",2,38,3,1,2,0,2,3,1,3,0,0,1,2
"681",2,24,3,0,0,0,1,0,0,0,2,0,1,0
"682",1,41,6,1,2,1,0,0,1,1,3,0,4,0
"683",1,38,1,1,0,0,1,0,0,1,2,0,1,0
"684",1,38,0,1,1,0,0,4,2,0,1,0,2,0
"685",2,70,1,1,1,0,0,7,1,1,4,1,2,0
"686",2,NA,5,1,0,1,6,5,2,2,NA,1,NA,2
"687",1,65,3,0,0,3,3,2,1,0,5,2,6,0
"688",2,29,3,0,1,0,0,0,0,1,1,0,1,0
"689",2,36,7,0,3,2,7,0,0,1,2,0,3,0
"690",2,80,1,1,0,0,0,1,0,0,0,1,1,0
"691",1,40,0,1,0,0,2,0,2,0,4,1,1,0
"692",2,24,1,0,0,1,0,0,2,0,0,0,0,1
"693",2,22,2,1,0,0,1,2,1,1,0,0,0,1
"694",2,20,2,0,1,2,1,1,0,1,2,1,1,1
"695",2,57,10,1,1,1,10,3,0,3,6,3,10,1
"696",1,44,4,0,2,1,3,5,3,1,5,0,5,1
"697",2,42,0,0,0,0,1,1,0,0,1,1,0,0
"698",2,57,5,1,0,0,4,1,0,0,4,1,6,0
"699",2,33,5,2,1,1,4,4,5,3,7,1,3,2
"700",2,28,3,2,1,0,0,0,3,3,4,1,1,4
"701",1,35,2,0,1,0,1,0,0,0,0,1,3,1
"702",2,69,4,0,0,2,1,1,0,0,0,0,1,1
"703",1,25,7,0,3,0,1,5,0,2,3,1,5,2
"704",1,38,5,1,2,0,4,2,4,3,5,2,4,3
"705",2,65,2,0,1,0,0,1,0,0,0,0,1,0
"706",2,66,2,0,1,0,1,1,1,0,5,0,1,1
"707",2,45,4,3,1,1,3,2,0,0,3,0,3,0
"708",1,66,2,0,0,0,7,1,4,0,4,0,1,0
"709",2,70,0,2,0,0,2,1,1,1,3,1,2,0
"710",1,19,4,2,1,1,4,2,2,1,5,2,1,5
"711",1,57,3,1,7,5,3,2,2,2,10,2,5,3
"712",2,25,2,1,2,1,1,3,3,1,2,1,1,1
"713",2,86,2,0,2,0,2,0,0,0,1,1,2,0
"714",1,67,2,1,0,2,0,0,0,0,3,1,0,0
"715",1,25,10,5,4,1,12,6,4,4,8,3,6,3
"716",1,64,1,0,1,0,5,0,1,1,5,1,2,0
"717",2,25,5,3,3,1,7,3,3,1,5,2,3,2
"718",2,37,5,2,0,1,4,1,1,3,2,2,6,0
"719",1,28,0,1,0,2,3,4,1,1,2,1,2,0
"720",2,28,15,2,5,1,3,12,3,5,3,1,7,1
"721",2,60,4,3,2,0,4,1,2,1,3,0,2,1
"722",1,56,1,1,1,0,2,0,0,0,2,0,2,0
"723",1,68,25,5,2,0,25,4,1,0,95,0,50,2
"724",2,29,6,2,1,0,0,1,4,3,7,2,3,2
"725",1,47,3,12,3,1,4,0,1,1,3,0,3,0
"726",2,20,3,0,0,1,1,2,1,1,2,2,1,2
"727",2,44,5,21,1,1,10,2,2,1,5,0,6,3
"728",2,67,20,5,3,1,10,20,5,2,3,1,2,0
"729",NA,NA,NA,NA,NA,NA,NA,NA,NA,NA,NA,NA,NA,NA
"730",2,44,2,1,5,0,3,2,0,4,4,0,1,1
"731",2,32,0,2,0,0,2,4,0,1,3,1,1,0
"732",1,41,6,3,3,2,10,5,2,4,6,3,4,3
"733",2,31,0,0,1,0,0,0,0,1,0,0,1,0
"734",2,18,4,2,2,1,3,7,2,2,4,3,2,5
"735",2,27,4,2,0,0,3,0,2,2,1,0,1,0
"736",1,56,5,2,4,2,10,4,2,0,5,1,5,0
"737",1,33,4,1,1,0,2,2,1,4,1,3,5,1
"738",2,20,3,6,3,0,1,10,2,0,2,3,5,1
"739",2,40,0,0,0,0,0,0,0,0,0,0,1,0
"740",1,30,4,2,5,0,0,0,2,0,2,1,3,0
"741",1,23,5,2,1,3,6,4,1,2,5,3,6,3
"742",2,29,7,2,2,0,6,1,3,0,3,0,5,0
"743",2,73,3,1,2,3,7,2,0,1,8,2,5,2
"744",1,82,2,0,0,1,3,0,1,0,4,1,4,0
"745",2,48,0,2,0,3,0,3,0,2,3,2,2,1
"746",2,62,3,0,1,0,0,2,0,4,6,0,1,0
"747",2,37,30,10,15,4,40,20,20,15,40,12,45,12
"748",2,41,4,1,1,0,1,3,0,0,1,1,2,1
"749",2,36,5,1,3,0,3,2,0,5,4,1,5,1
"750",NA,NA,2,1,7,0,7,10,0,7,7,0,7,7
"751",2,51,5,2,2,2,2,5,2,1,2,2,3,1
"752",2,40,6,0,1,1,2,2,5,2,3,1,0,1
"753",2,35,5,0,0,1,1,3,0,1,3,1,2,0
"754",1,18,4,3,1,0,0,5,1,0,2,1,1,2
"755",2,38,4,0,0,1,2,0,0,0,3,0,2,0
"756",1,56,0,0,1,0,1,1,0,2,1,0,6,0
"757",1,34,3,1,1,0,2,0,1,1,2,1,1,0
"758",2,33,1,0,0,0,0,0,0,0,1,0,1,0
"759",1,37,4,0,2,1,2,1,2,2,3,1,4,2
"760",NA,NA,6,0,1,0,4,2,3,2,4,0,5,0
"761",1,41,1,0,0,0,0,0,0,0,1,0,1,0
"762",2,36,2,1,1,0,0,0,0,0,2,2,1,0
"763",1,61,3,1,0,0,1,1,1,0,10,2,3,2
"764",2,37,3,0,1,0,1,3,0,6,1,1,3,0
"765",1,51,3,0,0,1,10,1,0,1,8,3,5,1
"766",2,37,10,2,3,1,3,6,3,1,15,1,12,3
"767",2,56,1,1,1,0,1,1,1,1,1,1,2,0
"768",1,60,6,0,2,0,3,1,2,1,10,2,4,1
"769",1,49,3,2,0,0,4,0,1,1,3,0,2,0
"770",1,41,2,0,1,0,3,0,0,1,5,2,4,2
"771",1,40,5,0,0,0,2,1,1,1,2,1,3,1
"772",2,30,15,3,1,0,2,5,2,2,4,1,2,1
"773",1,41,4,1,2,0,5,0,1,1,4,2,6,0
"774",2,27,5,0,1,1,2,1,0,2,1,0,7,0
"775",1,72,2,1,0,0,5,0,0,1,10,1,4,0
"776",2,52,2,1,2,2,4,2,0,1,5,1,2,0
"777",1,21,5,1,0,2,2,10,3,4,7,1,3,1
"778",1,43,6,0,1,0,20,3,0,3,20,1,6,1
"779",2,39,4,0,2,1,3,2,1,2,3,1,1,1
"780",2,38,2,0,1,1,3,4,0,1,6,1,1,2
"781",1,37,10,0,1,0,0,1,2,0,10,0,10,0
"782",2,45,5,2,0,1,15,1,0,0,15,0,0,1
"783",2,41,7,1,3,1,4,3,1,2,5,2,4,1
"784",2,28,5,2,2,0,2,2,1,1,2,0,0,0
"785",1,46,2,2,0,0,0,1,1,1,4,1,2,0
"786",1,24,0,0,0,0,1,0,0,0,1,0,0,1
"787",2,75,2,0,0,0,0,0,0,0,2,1,0,0
"788",2,34,7,3,1,0,5,3,2,1,4,1,2,0
"789",2,37,7,0,0,0,2,1,0,1,3,2,3,1
"790",2,38,2,0,1,1,3,1,1,1,1,0,4,1
"791",2,49,10,0,0,4,3,8,0,4,5,3,1,3
"792",2,62,6,5,1,0,3,1,2,2,1,0,0,0
"793",2,21,0,0,0,0,0,1,0,1,0,0,0,0
"794",2,39,2,0,0,0,0,0,0,1,0,1,1,0
"795",2,50,1,3,1,0,2,1,2,0,3,2,5,0
"796",1,43,10,0,8,4,9,8,4,6,9,4,10,6
"797",2,30,3,2,1,1,2,3,1,1,3,2,2,2
"798",2,26,2,0,1,0,0,0,0,1,0,0,1,0
"799",2,27,5,5,5,0,5,10,0,4,2,0,0,0
"800",2,56,5,1,1,1,3,2,0,0,3,2,4,0
"801",1,52,5,2,3,0,3,0,2,0,0,0,3,2
"802",1,36,2,1,1,0,1,0,2,0,0,1,0,0
"803",2,46,4,1,0,1,2,0,2,1,1,0,1,0
"804",2,37,10,2,0,0,4,3,2,2,5,0,2,1
"805",2,54,6,1,1,3,NA,2,1,0,1,0,3,0
"806",2,39,5,3,1,2,5,8,2,2,3,5,5,4
"807",2,42,1,1,1,2,2,3,2,1,2,1,1,1
"808",2,62,7,3,2,1,4,1,1,1,10,1,7,2
"809",NA,NA,2,0,2,0,1,2,0,1,1,0,3,0
"810",1,30,3,1,1,0,2,1,1,1,3,0,0,1
"811",2,44,10,1,1,1,5,1,1,1,10,2,2,1
"812",2,28,5,0,2,1,2,1,1,1,3,1,0,1
"813",1,22,5,1,0,0,0,12,2,3,5,0,0,2
"814",1,33,4,1,0,1,0,0,0,1,2,1,7,0
"815",1,26,6,3,2,0,4,3,3,2,4,4,3,0
"816",1,21,10,10,3,1,1,3,5,2,4,1,2,1
"817",2,35,3,0,0,0,3,0,1,1,3,1,5,1
"818",2,NA,1,2,1,0,1,1,0,1,0,0,1,0
"819",1,72,2,1,1,0,2,3,1,3,7,2,1,3
"820",1,43,12,2,2,0,2,2,2,1,12,3,5,3
"821",2,50,0,0,0,0,0,0,0,0,1,0,0,1
"822",2,35,6,0,10,1,2,5,1,1,3,1,1,0
"823",2,54,2,4,1,0,10,4,2,4,10,2,4,2
"824",2,61,1,1,0,1,0,1,1,1,5,1,1,1
"825",2,42,1,0,2,0,3,1,0,1,2,1,0,1
"826",1,22,5,2,1,1,5,3,2,1,8,1,2,1
"827",2,77,1,0,1,1,1,0,0,1,4,0,1,0
"828",2,47,1,4,3,2,4,3,2,2,3,2,1,1
"829",1,24,10,3,7,0,2,7,1,2,4,3,6,2
"830",2,32,4,1,1,0,0,0,1,0,1,0,0,1
"831",1,39,2,0,3,2,4,1,1,1,3,2,2,0
"832",2,48,5,0,1,2,5,0,1,1,3,1,2,2
"833",1,38,7,1,1,0,1,0,1,0,2,0,1,0
"834",2,NA,2,0,2,0,5,1,1,1,1,0,0,0
"835",2,77,2,0,0,1,2,1,0,0,0,1,4,0
"836",1,38,2,0,0,0,1,1,1,0,3,1,3,0
"837",2,84,6,1,1,0,4,3,2,0,6,2,6,2
"838",2,33,1,1,0,0,1,1,1,0,1,1,1,0
"839",2,39,1,1,0,1,0,0,1,1,1,0,1,1
"840",1,55,10,5,3,3,NA,3,5,3,10,3,15,0
"841",2,46,3,0,0,0,1,2,0,1,3,0,1,0
"842",1,49,12,0,1,0,3,2,1,3,5,0,4,2
"843",2,43,3,1,2,0,4,0,1,0,5,0,4,0
"844",2,43,3,0,0,1,3,1,0,0,1,1,4,1
"845",1,31,5,0,2,1,8,1,3,5,2,0,1,1
"846",1,41,1,0,1,0,4,1,1,1,2,0,0,0
"847",2,27,4,1,2,0,3,5,1,6,2,0,2,0
"848",2,37,15,7,10,1,25,5,20,8,30,10,10,3
"849",2,35,4,1,0,1,2,0,1,0,1,2,2,1
"850",2,18,1,1,2,1,1,5,2,1,2,2,0,1
"851",2,39,10,0,2,0,0,2,0,0,0,0,1,2
"852",1,75,1,0,0,0,0,0,0,0,1,1,2,0
"853",2,74,8,0,0,0,4,1,1,2,6,2,4,1
"854",1,37,2,0,0,0,0,0,0,1,0,1,2,0
"855",2,38,6,0,0,0,2,1,4,0,5,0,0,4
"856",2,65,1,0,1,1,0,0,1,0,1,1,1,1
"857",2,29,0,0,1,0,0,1,0,0,1,1,0,0
"858",2,44,25,1,2,1,2,3,1,1,4,0,3,1
"859",2,28,2,3,0,0,2,1,0,0,5,1,0,1
"860",2,34,3,2,1,0,1,2,1,1,3,0,4,1
"861",2,25,3,0,3,1,2,3,1,1,1,0,2,0
"862",2,50,3,0,0,0,3,1,1,2,4,0,4,1
"863",1,56,20,3,2,1,20,3,5,3,40,5,50,2
"864",2,56,0,2,0,1,0,1,0,2,0,0,1,0
"865",NA,NA,NA,NA,NA,NA,NA,NA,NA,NA,NA,NA,NA,NA
"866",2,47,2,2,4,2,1,2,1,1,1,1,2,1
"867",1,55,5,2,1,0,5,4,3,2,7,0,4,1
"868",1,18,5,1,3,0,1,2,1,1,0,1,1,0
"869",1,41,1,1,0,0,1,1,0,0,1,1,2,1
"870",1,57,6,0,2,1,8,2,3,0,5,0,3,0
"871",2,39,4,0,6,0,10,2,12,3,7,2,5,0
"872",2,33,0,1,0,1,0,1,1,2,1,0,0,1
"873",1,23,3,1,5,1,2,1,2,1,1,1,3,1
"874",2,25,1,1,0,0,1,2,0,21,0,1,1,0
"875",2,71,2,0,0,1,3,0,1,0,3,0,5,0
"876",1,41,3,0,0,2,1,2,0,0,1,3,0,0
"877",2,69,0,1,0,0,0,1,0,0,0,0,4,1
"878",2,29,0,0,0,0,0,1,2,0,0,0,0,0
"879",2,24,6,1,0,2,0,2,4,0,3,0,0,7
"880",1,38,6,4,2,1,4,0,2,0,2,2,1,1
"881",1,76,4,5,3,2,36,1,12,1,20,1,2,0
"882",2,55,1,0,0,0,1,0,0,1,3,1,1,1
"883",2,61,0,1,0,1,0,0,0,1,3,3,5,2
"884",2,53,5,2,0,1,1,10,2,0,4,1,3,1
"885",2,34,3,2,1,1,4,2,0,1,3,1,2,0
"886",2,45,8,1,3,0,6,4,3,4,7,3,4,3
"887",1,18,3,0,2,1,0,4,1,1,0,1,3,1
"888",1,36,3,1,2,0,5,4,2,2,1,5,3,1
"889",2,81,1,0,0,0,1,1,0,1,1,0,1,0
"890",1,55,10,2,2,1,15,4,4,2,15,2,7,2
"891",1,27,4,0,3,0,5,2,1,1,0,1,3,1
"892",2,21,1,1,0,1,1,1,0,1,0,1,0,0
"893",2,78,6,1,0,0,0,1,0,0,1,1,0,0
"894",1,52,10,1,1,0,5,2,4,3,5,1,4,1
"895",1,41,1,0,0,1,7,1,0,1,7,0,2,1
"896",2,32,0,0,0,0,1,0,0,0,0,1,0,1
"897",1,32,4,0,3,0,1,0,1,2,4,1,1,0
"898",2,19,4,0,1,0,2,1,3,1,3,2,2,3
"899",1,35,0,0,0,1,2,0,0,1,3,0,2,0
"900",2,40,4,1,1,2,8,2,2,1,3,3,2,1
"901",1,26,25,5,10,0,10,15,1,5,10,3,5,1
"902",1,57,1,1,0,0,1,0,0,0,4,1,5,0
"903",2,76,3,0,0,1,3,1,1,2,5,1,1,0
"904",1,24,4,0,1,1,1,2,1,0,1,2,3,0
"905",1,48,3,1,1,0,1,1,0,0,1,0,4,1
"906",1,66,7,3,1,2,7,8,3,5,15,4,7,2
"907",2,32,0,1,1,0,3,2,3,2,2,0,1,0
"908",1,52,0,1,1,0,1,1,0,1,5,1,4,1
"909",2,80,0,0,0,0,6,0,1,0,2,0,3,1
"910",2,60,12,0,0,0,5,0,9,6,5,0,4,3
"911",1,27,25,10,10,2,15,20,10,5,10,15,20,15
"912",1,26,1,0,0,0,0,0,1,0,0,0,1,0
"913",1,38,2,1,0,0,1,1,1,0,2,0,1,1
"914",2,32,1,1,2,0,1,0,0,0,1,2,0,1
"915",1,37,1,0,0,0,0,0,1,0,1,0,1,0
"916",1,34,5,0,1,0,1,1,0,1,2,0,7,0
"917",2,30,2,0,0,1,6,5,0,2,1,0,2,0
"918",1,65,1,0,0,0,0,2,0,1,3,0,8,0
"919",1,55,2,1,0,0,3,1,1,1,5,1,3,1
"920",2,18,2,0,0,0,1,2,2,2,1,1,2,0
"921",2,36,6,1,2,2,4,1,3,1,1,3,5,1
"922",2,23,8,2,6,0,1,2,2,7,6,0,4,2
"923",1,55,10,1,3,1,7,5,1,3,10,0,4,0
"924",1,61,3,0,1,0,7,1,3,1,7,0,3,1
"925",1,48,3,2,1,0,2,0,1,1,1,1,2,1
"926",2,26,2,0,2,1,0,5,0,2,0,1,2,0
"927",1,23,2,2,1,1,0,0,2,0,3,1,1,1
"928",2,39,3,0,0,0,2,2,1,1,2,1,3,1
"929",1,56,6,0,2,2,15,6,3,2,18,3,8,1
"930",2,51,3,1,0,0,3,0,0,2,4,0,0,0
"931",1,70,5,0,3,0,10,3,2,2,10,3,3,3
"932",2,44,0,0,0,0,2,0,0,0,1,0,0,0
"933",1,35,2,0,0,0,0,1,1,0,1,0,1,0
"934",2,31,10,1,3,0,4,2,0,0,6,1,4,0
"935",2,44,3,1,0,1,1,0,1,1,0,2,2,1
"936",2,19,7,5,1,1,1,5,1,2,1,3,4,1
"937",1,20,6,1,7,2,5,9,1,3,4,6,11,2
"938",1,46,6,0,1,0,4,0,1,2,10,3,6,0
"939",1,41,5,0,1,0,2,1,0,1,1,1,4,2
"940",2,31,5,5,10,10,15,5,20,20,20,15,30,5
"941",1,58,4,0,2,0,5,0,2,1,12,0,12,1
"942",1,67,4,0,3,1,2,1,3,2,5,1,0,1
"943",2,48,5,0,0,0,3,0,0,1,2,0,2,0
"944",2,61,3,0,1,0,0,2,1,0,2,1,0,0
"945",1,32,4,1,0,0,2,0,0,0,2,0,1,0
"946",1,32,2,1,2,1,1,2,0,0,0,1,1,0
"947",1,68,0,0,0,0,2,1,1,0,10,0,5,0
"948",1,38,4,2,1,1,3,0,1,2,3,0,6,1
"949",1,26,4,3,6,0,2,2,1,4,2,2,7,1
"950",1,46,6,3,2,2,5,1,2,1,6,1,6,2
"951",1,29,2,1,0,0,0,0,1,0,0,0,1,0
"952",1,30,5,4,4,1,7,0,4,6,8,0,7,0
"953",1,44,1,1,1,1,3,1,2,0,2,1,3,1
"954",2,61,1,0,1,1,4,4,3,1,5,2,4,5
"955",1,71,0,0,1,0,3,1,1,0,3,0,3,2
"956",1,25,4,2,3,1,4,4,3,4,5,2,4,2
"957",1,40,0,5,2,0,15,2,0,0,21,0,1,0
"958",2,19,0,1,2,1,1,1,41,0,2,1,2,1
"959",2,42,7,1,3,1,2,7,4,7,10,12,8,1
"960",1,34,5,0,0,0,1,1,1,0,2,3,10,0
"961",1,26,3,1,1,2,4,1,1,1,1,0,1,2
"962",1,26,2,1,4,0,2,3,1,2,3,1,6,1
"963",2,47,2,1,1,1,1,2,0,0,0,3,3,1
"964",2,25,10,2,3,0,2,0,0,2,1,1,1,0
"965",2,48,3,1,0,1,1,0,0,0,1,0,0,0
"966",2,34,3,0,0,0,0,0,0,0,0,0,0,0
"967",2,33,1,0,2,1,3,2,0,3,2,2,2,2
"968",2,37,1,3,0,0,2,0,0,0,1,0,0,0
"969",2,50,1,0,1,0,1,2,0,1,1,1,3,0
"970",2,NA,3,2,1,0,1,1,1,0,5,2,0,0
"971",2,52,2,0,2,0,1,1,0,1,1,1,1,0
"972",2,21,5,0,2,1,3,0,4,1,3,0,1,0
"973",2,25,0,1,1,1,2,1,0,0,0,0,1,0
"974",1,44,1,0,0,1,3,0,2,1,5,1,2,0
"975",2,40,12,1,1,0,6,0,1,1,1,1,3,0
"976",2,54,2,1,4,1,10,2,2,0,5,3,5,2
"977",1,44,3,0,0,0,3,1,3,1,2,1,4,1
"978",1,23,5,1,3,1,3,3,0,2,0,2,3,0
"979",2,32,15,1,1,1,1,2,5,2,1,1,1,0
"980",2,31,5,2,0,0,3,2,1,0,2,1,3,1
"981",1,29,3,0,1,0,2,7,1,1,4,2,1,1
"982",2,45,0,0,2,2,1,3,4,1,1,0,2,4
"983",2,21,1,1,1,1,3,1,1,1,1,2,1,1
"984",2,41,1,1,1,0,1,1,1,1,1,1,1,1
"985",1,43,1,0,4,0,3,6,2,4,3,3,2,1
"986",2,54,2,0,0,0,1,1,0,0,0,1,1,0
"987",1,52,3,2,3,2,5,2,2,2,5,2,6,1
"988",2,43,2,2,1,0,1,1,1,1,0,1,1,0
"989",1,51,6,0,1,0,15,2,2,1,4,2,3,2
"990",2,35,2,1,2,3,4,1,1,2,2,1,2,1
"991",2,36,4,1,1,1,3,1,1,2,3,2,6,1
"992",2,51,3,0,1,0,3,1,0,1,2,2,3,0
"993",1,33,6,0,0,0,4,0,0,0,6,1,5,1
"994",2,78,2,0,0,0,3,2,0,0,3,1,3,1
"995",1,19,4,2,1,0,3,2,0,2,3,2,4,2
"996",1,26,2,2,2,1,0,5,0,0,2,1,1,0
"997",2,35,6,0,0,0,1,0,1,0,0,0,1,13
"998",1,36,20,1,0,0,1,2,4,0,1,3,10,1
"999",2,33,5,3,12,3,4,5,1,3,4,1,6,1
"1000",1,38,1,0,1,0,10,2,1,1,1,1,3,1
"1001",2,NA,15,10,4,2,10,5,2,2,15,1,20,10
"1002",2,23,3,1,3,0,2,5,2,3,0,1,4,4
"1003",2,44,2,0,3,0,3,2,0,0,4,0,3,0
"1004",1,29,3,1,2,0,0,3,1,2,10,0,10,2
"1005",1,27,20,1,20,0,15,2,5,2,0,2,10,5
"1006",1,32,2,0,1,0,5,0,1,1,7,0,5,0
"1007",1,46,10,0,2,0,20,10,10,3,20,5,20,5
"1008",2,37,10,5,15,10,20,15,15,10,10,5,15,5
"1009",1,27,12,6,2,0,4,10,1,2,7,6,6,3
"1010",2,47,1,1,0,0,1,0,0,0,2,0,1,0
"1011",2,28,1,0,1,1,2,0,1,0,1,0,2,0
"1012",2,36,1,0,0,0,0,0,0,2,2,0,1,0
"1013",2,72,5,0,0,0,6,1,0,1,8,1,8,0
"1014",2,34,3,0,1,0,1,1,1,0,0,1,2,0
"1015",2,53,2,1,0,0,1,0,0,0,0,1,2,1
"1016",2,24,5,1,2,0,4,2,0,1,2,1,2,1
"1017",1,31,2,2,1,0,4,3,1,1,1,3,5,0
"1018",1,33,2,0,1,0,1,0,1,0,1,0,1,1
"1019",2,19,2,0,2,1,4,5,1,1,2,1,1,3
"1020",1,37,6,0,2,3,1,1,4,7,3,2,0,1
"1021",2,75,1,0,1,0,1,1,1,1,0,0,2,1
"1022",1,48,2,0,2,0,1,1,3,0,1,0,1,0
"1023",2,19,15,7,11,2,4,9,0,4,3,7,5,2
"1024",1,28,6,0,0,0,2,1,0,0,1,0,2,0
"1025",1,41,3,1,2,1,1,2,1,0,3,2,1,1
"1026",1,18,3,0,0,1,0,4,0,0,2,3,2,1
"1027",1,47,5,1,4,2,5,0,2,1,3,4,2,5
"1028",2,27,10,1,6,2,12,3,0,2,3,4,5,3
"1029",1,36,10,3,3,0,4,0,1,0,4,1,3,0
"1030",2,43,15,6,1,1,2,12,1,2,3,3,1,1
"1031",2,43,5,0,0,0,4,0,1,1,10,1,2,0
"1032",2,47,6,2,2,0,3,6,3,4,4,6,5,0
"1033",2,31,3,2,2,1,0,1,1,1,4,1,2,0
"1034",1,65,3,0,0,1,3,2,1,1,6,2,6,0
"1035",2,33,3,0,4,1,2,2,2,4,1,1,1,4
"1036",2,27,7,1,1,0,1,0,0,0,1,0,1,0
"1037",1,54,3,0,3,0,0,1,0,0,2,1,1,0
"1038",2,71,0,1,0,0,0,0,1,1,1,0,1,1
"1039",1,46,0,0,0,0,0,0,0,0,1,0,0,0
"1040",2,74,1,1,0,0,3,1,4,0,5,0,3,1
"1041",2,28,2,0,2,0,3,1,0,1,3,0,3,1
"1042",2,46,3,1,1,0,1,1,0,2,3,0,2,0
"1043",1,24,1,1,0,0,1,0,0,0,1,1,2,0
"1044",2,22,1,0,2,0,2,0,0,0,2,1,1,0
"1045",1,37,2,5,2,1,1,3,1,1,0,2,2,0
"1046",1,40,2,0,0,0,2,0,0,1,2,1,1,0
"1047",2,45,1,1,0,0,2,3,1,2,3,2,6,0
"1048",1,32,7,1,1,0,2,1,0,0,4,0,5,0
"1049",1,54,4,1,0,0,2,1,1,1,2,1,2,0
"1050",2,40,3,1,0,0,0,1,1,0,1,1,2,0
"1051",2,71,2,0,2,1,2,1,0,1,1,0,1,0
"1052",2,47,4,2,3,2,4,1,2,2,4,3,0,2
"1053",1,24,3,0,1,0,0,1,0,1,1,1,0,0
"1054",1,22,10,1,3,0,1,2,2,2,6,2,5,0
"1055",1,18,5,2,1,0,11,3,1,3,5,1,8,1
"1056",1,49,3,0,1,2,2,0,0,1,2,1,3,1
"1057",2,73,2,1,0,0,2,1,0,0,0,0,1,0
"1058",2,35,15,1,4,3,4,10,5,5,2,2,6,1
"1059",1,54,2,0,1,0,0,0,0,2,1,0,2,0
"1060",1,25,8,3,3,2,0,2,1,0,7,0,2,1
"1061",2,52,7,0,4,0,1,1,1,0,0,2,3,0
"1062",1,78,NA,0,NA,0,NA,0,2,0,7,0,7,0
"1063",2,40,5,0,1,2,2,2,1,2,6,2,5,0
"1064",NA,NA,NA,NA,NA,NA,NA,NA,NA,NA,NA,NA,NA,NA
"1065",2,71,2,0,1,1,2,2,0,1,2,1,2,1
"1066",2,44,0,0,0,0,0,0,0,0,1,0,0,0
"1067",1,64,5,0,0,0,0,0,1,1,30,0,2,0
"1068",1,46,2,0,2,0,3,1,0,1,1,4,3,1
"1069",2,40,1,0,1,0,0,0,0,0,2,1,0,1
"1070",1,28,1,1,0,0,0,0,0,0,1,0,2,0
"1071",2,38,2,1,1,0,0,2,1,2,2,1,0,1
"1072",1,55,10,1,1,0,3,4,4,1,20,2,1,0
"1073",2,64,4,1,3,0,2,2,0,0,5,1,4,1
"1074",1,41,3,2,1,0,2,0,1,0,4,1,3,0
"1075",2,81,0,0,0,0,0,0,0,0,0,0,0,0
"1076",1,30,3,0,4,1,4,2,1,1,3,0,3,1
"1077",NA,NA,1,1,0,0,2,2,0,1,2,0,1,0
"1078",2,53,0,0,1,0,2,2,0,0,2,0,2,0
"1079",1,79,4,0,0,0,6,0,0,0,4,0,0,0
"1080",1,35,1,3,1,0,0,1,1,0,1,1,2,0
"1081",2,50,0,0,0,1,0,0,0,0,0,0,1,0
"1082",2,47,3,1,1,0,2,0,2,1,2,1,2,0
"1083",1,51,5,1,2,1,3,3,2,2,6,2,4,1
"1084",2,34,6,2,1,1,3,0,1,1,1,0,3,1
"1085",2,77,1,1,1,1,0,1,0,0,1,0,1,0
"1086",2,42,3,0,1,0,1,0,1,0,0,1,1,0
"1087",2,24,1,0,0,0,0,0,0,0,1,0,0,0
"1088",1,37,3,0,2,0,0,2,0,1,3,0,1,0
"1089",2,57,1,1,1,0,1,1,1,0,0,0,1,0
"1090",1,67,1,0,1,2,3,1,1,1,6,1,2,0
"1091",2,19,10,1,1,0,6,3,1,0,2,2,3,1
"1092",1,34,10,8,3,2,10,3,4,5,10,4,15,2
"1093",2,41,5,3,0,0,0,3,0,0,2,0,3,2
"1094",2,81,6,2,2,0,2,4,0,1,12,2,3,2
"1095",2,30,3,0,0,0,1,0,0,1,3,1,2,1
"1096",2,54,4,0,1,0,1,0,0,0,1,0,0,0
"1097",2,36,4,1,0,0,0,1,0,0,3,1,0,10
"1098",2,40,10,10,10,3,8,1,4,1,3,5,15,3
"1099",1,57,4,2,4,0,4,1,3,2,1,9,6,2
"1100",2,35,8,0,1,1,6,0,1,2,15,0,0,0
"1101",2,NA,3,1,1,0,3,2,1,1,2,0,5,1
"1102",1,19,20,3,4,1,17,10,0,2,2,1,15,7
"1103",2,27,1,0,1,0,0,0,0,1,0,0,0,0
"1104",1,71,3,0,2,0,2,2,0,0,2,1,2,0
"1105",1,47,12,1,2,4,12,5,12,2,12,3,3,0
"1106",2,48,4,0,0,1,0,0,0,0,1,0,2,0
"1107",2,31,1,1,1,0,1,0,1,0,0,1,1,0
"1108",2,73,2,1,1,0,1,2,1,1,3,0,3,0
"1109",2,43,0,2,0,0,1,1,3,0,0,0,1,0
"1110",2,34,10,2,3,0,10,2,2,3,15,1,20,1
"1111",2,27,10,2,2,0,0,1,0,0,2,0,3,0
"1112",1,40,1,1,0,0,2,2,0,0,1,0,3,0
"1113",1,59,1,0,1,0,0,1,0,0,NA,0,2,NA
"1114",1,18,2,2,4,0,1,2,0,0,1,3,1,4
"1115",2,32,1,0,0,0,1,0,1,0,1,0,0,0
"1116",2,27,1,1,0,0,1,1,0,1,0,1,1,1
"1117",2,48,3,3,0,0,2,2,1,2,4,3,2,1
"1118",1,37,4,1,1,0,2,1,1,2,3,1,3,0
"1119",2,67,7,0,0,0,2,1,0,1,5,1,2,0
"1120",2,32,2,2,0,0,0,1,0,2,1,0,1,2
"1121",2,26,1,2,0,0,1,2,1,1,2,0,2,1
"1122",2,34,2,2,1,1,4,2,3,1,6,3,2,1
"1123",1,42,6,2,2,1,2,2,0,0,4,3,4,1
"1124",1,25,4,1,1,0,3,2,0,3,1,1,0,3
"1125",1,37,3,1,2,1,3,0,1,1,4,0,7,0
"1126",2,42,3,1,0,1,2,1,2,0,1,1,3,1
"1127",1,23,2,0,3,0,1,0,1,0,1,0,2,1
"1128",2,33,8,1,6,1,3,2,2,1,2,1,6,1
"1129",2,25,1,3,0,1,1,2,1,1,5,1,2,2
"1130",1,59,3,2,2,0,2,3,1,1,4,3,3,2
"1131",1,44,6,4,3,0,8,4,4,2,8,3,10,3
"1132",1,31,3,1,0,1,1,2,0,1,2,1,2,0
"1133",2,26,1,0,1,0,1,2,1,0,2,0,1,0
"1134",2,73,1,0,0,0,0,1,0,1,5,1,2,0
"1135",1,34,8,2,6,1,10,10,0,3,10,4,8,0
"1136",2,21,4,2,0,0,0,2,0,1,2,2,4,0
"1137",1,47,3,1,1,2,1,1,3,1,4,2,3,0
"1138",2,60,0,0,1,0,1,0,0,0,4,1,0,0
"1139",1,42,10,1,2,1,3,3,3,1,1,0,4,1
"1140",1,68,4,0,3,2,10,0,3,1,20,0,7,0
"1141",2,57,0,1,1,0,1,0,0,0,2,1,0,2
"1142",2,57,0,0,0,0,0,1,0,0,0,0,1,0
"1143",2,23,3,0,0,0,1,2,0,0,2,0,0,0
"1144",2,37,6,3,3,0,6,1,6,2,6,1,6,1
"1145",1,37,3,1,2,2,2,1,1,0,5,2,6,2
"1146",2,41,1,0,0,0,0,1,0,1,1,1,1,1
"1147",1,40,10,2,0,0,0,2,3,1,5,1,8,0
"1148",2,40,1,1,1,0,0,1,0,1,1,0,1,0
"1149",1,64,3,1,1,0,0,2,2,2,2,0,2,0
"1150",1,21,6,3,2,0,2,3,4,2,3,2,1,1
"1151",1,49,2,0,1,1,1,0,1,0,3,0,2,0
"1152",2,70,1,0,0,0,0,0,0,0,1,1,0,1
"1153",1,39,5,2,0,1,0,1,0,0,3,0,4,0
"1154",1,30,15,5,3,0,5,5,10,5,5,0,15,3
"1155",2,37,20,2,0,0,1,2,0,0,1,1,6,1
"1156",1,34,5,1,4,4,0,4,6,2,3,5,3,0
"1157",1,38,0,0,1,0,1,1,0,1,1,1,2,1
"1158",1,27,4,1,3,1,2,1,1,2,4,0,3,0
"1159",2,76,2,1,0,0,1,1,0,1,0,0,1,0
"1160",2,45,50,50,25,15,15,25,10,15,25,15,15,15
"1161",2,48,2,2,0,0,1,1,1,0,0,0,0,0
"1162",2,35,3,0,2,0,1,1,2,0,6,0,NA,0
"1163",2,29,30,0,7,1,20,3,6,10,2,0,4,3
"1164",1,22,2,1,1,0,0,0,0,0,0,2,3,0
"1165",2,23,6,2,1,0,1,7,0,2,1,1,2,2
"1166",2,44,2,0,0,0,1,1,0,0,1,0,1,0
"1167",1,19,4,3,1,1,2,0,1,1,2,3,0,0
"1168",2,62,0,0,0,0,3,1,0,0,2,0,0,1
"1169",1,22,2,2,1,2,1,4,2,1,1,1,2,2
"1170",1,29,5,1,1,0,1,1,0,1,1,0,2,1
"1171",2,34,5,2,3,1,3,2,1,2,3,1,3,0
"1172",1,22,2,0,2,1,0,1,0,3,1,0,4,0
"1173",2,39,4,1,2,1,2,1,0,2,2,1,2,1
"1174",2,50,1,0,3,2,6,1,1,3,1,1,3,2
"1175",2,23,2,0,0,0,1,1,0,0,1,1,2,0
"1176",2,28,10,1,0,2,0,2,3,1,5,1,3,0
"1177",2,25,1,0,4,0,4,1,0,0,2,2,0,2
"1178",1,49,1,2,1,0,3,5,1,0,7,0,5,0
"1179",2,28,1,1,3,0,2,0,6,1,0,0,5,0
"1180",2,35,2,3,0,0,1,1,1,1,2,0,1,1
"1181",2,33,2,4,2,0,1,5,7,2,4,2,1,1
"1182",2,28,3,2,1,0,1,1,1,1,0,2,2,2
"1183",2,41,1,2,1,0,1,0,0,0,0,0,2,0
"1184",1,63,1,0,1,0,2,2,0,1,2,1,3,0
"1185",2,37,5,1,0,0,3,3,2,0,5,0,5,1
"1186",2,45,2,0,0,1,4,1,0,0,2,1,2,0
"1187",2,59,2,0,1,0,1,2,0,1,4,1,4,0
"1188",2,20,7,2,2,0,3,1,0,1,1,0,1,2
"1189",2,35,1,1,1,1,3,1,0,2,1,1,1,0
"1190",2,38,0,0,1,0,0,0,2,1,3,0,2,0
"1191",2,31,2,2,1,1,2,1,2,0,2,1,1,0
"1192",2,55,9,4,7,2,1,5,1,2,10,3,4,2
"1193",2,53,15,2,0,0,0,0,2,0,2,0,7,0
"1194",2,51,1,1,2,0,2,1,1,2,1,0,1,1
"1195",2,22,0,2,2,0,5,2,0,7,3,0,10,4
"1196",2,67,1,1,1,1,1,0,1,1,5,0,1,1
"1197",2,39,1,0,0,0,2,0,0,0,1,0,1,0
"1198",2,49,4,3,5,3,5,4,0,2,3,2,4,2
"1199",1,28,4,0,3,0,4,1,8,1,2,1,1,1
"1200",1,43,35,3,1,2,4,4,2,4,2,1,4,0
"1201",1,24,3,0,2,0,0,1,0,0,2,0,4,0
"1202",1,75,8,1,0,2,5,2,10,3,7,1,6,3
"1203",2,61,3,1,1,0,0,1,1,1,0,0,1,1
"1204",1,69,3,1,1,0,3,2,0,1,0,2,2,0
"1205",1,50,2,0,2,2,4,1,3,2,4,3,4,2
"1206",2,18,6,1,0,1,1,0,1,1,3,0,2,0
"1207",1,47,3,1,2,0,4,2,5,1,3,1,1,2
"1208",2,38,10,3,4,0,6,4,0,8,5,2,4,3
"1209",2,36,0,0,1,0,2,1,1,0,1,1,3,1
"1210",1,73,0,1,1,0,1,1,3,0,1,0,2,0
"1211",2,43,1,0,0,1,3,0,0,0,1,1,1,2
"1212",2,62,7,2,1,1,4,0,4,1,5,1,2,0
"1213",2,44,3,0,0,1,0,1,0,3,4,1,3,1
"1214",1,77,5,1,1,2,6,2,0,1,4,1,6,0
"1215",1,48,1,0,1,2,1,3,0,1,2,1,3,1
"1216",2,71,6,0,1,1,6,0,1,0,4,0,1,0
"1217",2,79,1,0,0,0,0,0,1,0,0,0,1,0
"1218",1,63,2,1,1,0,5,0,0,1,7,1,10,0
"1219",2,77,3,0,0,0,2,2,1,0,3,0,2,0
"1220",1,46,7,2,0,0,1,1,1,0,2,0,1,0
"1221",1,37,20,1,3,1,10,5,2,6,9,2,10,1
"1222",1,77,3,0,1,1,1,1,0,1,6,1,3,1
"1223",2,52,1,0,0,0,0,0,0,1,0,0,0,0
"1224",1,55,3,3,2,1,2,0,1,2,2,0,4,0
"1225",2,46,15,1,3,1,5,2,0,2,10,2,1,0
"1226",2,40,20,1,1,1,1,0,1,2,4,0,4,1
"1227",2,29,6,2,2,0,3,3,2,7,5,2,3,2
"1228",1,38,95,2,4,0,12,5,0,0,5,2,5,0
"1229",1,22,0,1,0,0,1,0,0,0,1,0,1,1
"1230",1,33,10,1,4,1,20,5,6,4,11,2,5,2
"1231",1,27,5,0,2,0,6,2,1,4,4,2,5,5
"1232",1,65,1,0,0,0,5,1,0,0,5,0,5,0
"1233",1,51,5,0,1,1,6,2,2,1,7,2,6,1
"1234",2,69,0,0,1,0,0,0,0,1,3,0,1,0
"1235",2,23,5,2,0,1,5,1,1,3,2,1,1,0
"1236",1,39,3,2,1,0,1,1,2,2,3,2,2,2
"1237",1,59,3,2,0,2,8,3,8,2,15,2,10,0
"1238",2,NA,7,7,7,3,7,7,2,7,7,7,7,6
"1239",1,26,25,1,8,0,5,10,3,1,6,4,6,0
"1240",2,34,3,1,1,0,1,1,2,1,3,0,7,0
"1241",2,20,1,1,1,2,3,2,1,2,4,2,2,5
"1242",2,71,2,3,1,0,3,1,3,1,2,0,0,1
"1243",2,68,0,0,1,0,1,0,1,0,1,0,0,1
"1244",2,36,1,4,0,1,0,1,1,0,2,0,1,2
"1245",1,54,20,0,6,0,8,12,2,3,50,6,15,1
"1246",2,56,0,0,2,0,1,1,1,1,0,0,1,0
"1247",2,25,3,1,4,0,3,1,2,1,2,1,5,0
"1248",2,24,5,0,2,0,0,8,0,3,2,2,3,0
"1249",2,44,3,1,1,1,3,1,1,0,3,0,1,0
"1250",2,42,40,6,4,2,10,7,4,5,15,6,4,2
"1251",2,22,20,1,6,1,6,2,1,1,5,2,1,10
"1252",2,50,5,1,4,3,7,3,4,6,3,3,5,4
"1253",1,40,20,2,1,3,5,3,7,5,11,4,5,1
"1254",1,63,3,0,2,0,2,1,0,2,3,0,2,0
"1255",1,23,20,7,15,2,4,1,4,3,2,5,10,3
"1256",2,36,10,5,10,4,4,5,2,1,7,1,1,1
"1257",2,37,2,0,0,0,1,0,0,0,1,1,3,0
"1258",2,79,3,1,0,0,1,0,1,1,0,1,2,0
"1259",2,36,5,0,0,0,3,0,2,1,3,0,5,1
"1260",1,66,0,0,0,0,0,0,0,0,1,0,0,0
"1261",1,31,2,1,0,0,4,0,2,1,0,1,5,2
"1262",2,45,6,3,1,1,15,1,1,0,3,1,12,3
"1263",2,48,20,4,6,1,4,20,1,7,23,0,20,2
"1264",1,32,5,1,1,1,6,3,4,5,1,3,4,2
"1265",1,19,10,1,1,0,4,3,2,0,8,2,10,1
"1266",1,30,8,0,3,0,3,7,4,3,5,5,6,3
"1267",1,49,10,0,2,4,10,5,2,1,10,5,10,1
"1268",2,21,3,1,3,0,4,1,2,5,1,5,2,3
"1269",2,73,4,1,1,0,12,3,0,1,12,0,5,0
"1270",1,62,12,3,6,2,24,3,2,12,24,2,24,6
"1271",1,37,5,0,2,0,3,2,5,3,7,1,8,1
"1272",1,29,1,2,1,1,0,3,1,2,1,1,2,1
"1273",1,44,8,1,1,0,3,1,2,2,1,0,1,0
"1274",2,24,0,1,0,1,2,1,0,1,1,1,3,1
"1275",1,37,5,3,0,0,2,2,0,2,10,1,2,3
"1276",1,74,3,0,0,0,5,0,1,0,6,0,0,0
"1277",1,31,2,1,1,0,1,1,1,1,1,0,1,0
"1278",1,48,12,0,5,3,12,5,5,5,12,5,12,3
"1279",1,49,12,2,0,0,6,1,2,1,6,0,3,0
"1280",2,22,1,0,0,0,0,1,1,0,1,1,0,0
"1281",2,37,10,2,0,1,6,8,1,4,2,4,2,2
"1282",1,67,6,2,3,2,25,5,5,3,15,5,15,5
"1283",2,51,8,5,8,2,14,4,3,8,9,1,12,0
"1284",2,64,3,0,0,0,1,0,1,0,2,0,0,0
"1285",2,53,2,1,1,NA,2,2,1,1,2,0,1,1
"1286",2,79,0,1,0,0,2,0,1,1,1,1,2,0
"1287",1,33,1,1,0,0,1,0,1,1,2,1,0,0
"1288",2,35,3,2,0,0,4,1,1,1,3,0,4,1
"1289",2,22,0,2,0,0,0,0,6,0,1,0,1,1
"1290",1,48,1,0,1,0,3,2,0,0,4,0,0,1
"1291",2,77,0,0,0,1,0,2,0,1,2,1,1,0
"1292",2,38,2,0,0,0,1,2,0,1,3,1,4,0
"1293",1,70,1,1,2,2,3,0,2,1,2,0,2,1
"1294",1,44,2,3,2,2,5,2,1,1,2,1,2,1
"1295",2,47,10,10,2,8,7,7,10,1,12,3,12,5
"1296",1,23,20,3,4,0,6,8,2,1,3,1,6,1
"1297",2,68,1,0,0,0,0,0,0,0,1,0,1,0
"1298",1,38,12,2,6,4,2,6,3,4,12,1,8,3
"1299",1,21,0,0,0,0,0,0,0,0,0,0,0,0
"1300",2,19,2,3,4,1,0,6,2,1,3,3,2,2
"1301",2,65,10,0,6,0,20,2,4,0,20,2,6,3
"1302",1,62,3,0,1,0,1,3,1,0,3,2,4,0
"1303",NA,NA,NA,NA,NA,NA,NA,NA,NA,NA,NA,NA,NA,NA
"1304",2,54,2,0,0,0,0,0,0,2,4,0,2,1
"1305",2,71,1,3,1,0,1,3,0,0,2,0,0,0
"1306",2,38,2,1,0,0,2,0,3,0,8,0,4,0
"1307",1,39,3,0,2,0,1,0,0,1,3,0,5,1
"1308",1,28,4,2,0,0,1,3,1,0,0,1,4,0
"1309",2,66,10,1,0,0,5,0,0,0,4,0,3,2
"1310",1,59,2,0,0,0,2,0,1,0,2,1,2,0
"1311",1,54,6,3,8,1,10,8,1,3,5,3,12,4
"1312",2,46,3,2,1,1,1,1,1,3,1,2,1,1
"1313",2,40,1,0,0,0,2,1,0,0,4,0,2,0
"1314",1,63,1,0,0,0,1,1,1,0,2,0,3,1
"1315",2,60,3,2,2,1,3,3,1,1,5,1,2,1
"1316",2,NA,5,1,1,3,5,3,3,2,6,2,6,2
"1317",2,70,5,0,0,0,2,1,0,1,3,0,1,0
"1318",2,32,1,1,2,3,2,0,2,1,3,0,1,3
"1319",2,70,1,3,0,1,2,1,0,0,4,1,1,2
"1320",1,47,7,1,0,0,5,0,1,2,3,1,2,1
"1321",1,21,5,3,1,1,1,3,2,2,3,1,4,6
"1322",2,37,0,0,1,0,1,0,0,0,1,0,0,0
"1323",1,75,0,0,0,0,1,0,0,0,0,0,0,0
"1324",2,42,3,1,2,1,3,2,0,1,3,0,2,2
"1325",2,49,2,1,1,0,0,0,0,0,2,1,3,1
"1326",2,89,2,1,0,1,0,0,0,0,7,0,0,0
"1327",1,50,40,2,4,4,5,10,8,2,30,5,10,7
"1328",1,43,10,1,2,1,25,1,2,1,5,1,4,0
"1329",2,83,1,1,1,0,3,0,0,0,1,1,0,0
"1330",2,50,3,1,1,0,2,3,1,2,4,1,3,0
"1331",2,20,5,1,2,1,2,1,2,1,2,1,1,1
"1332",2,43,5,1,1,2,1,3,2,2,3,2,2,0
"1333",1,47,2,1,0,1,2,1,1,0,5,1,3,2
"1334",2,50,0,2,0,0,1,2,1,0,5,2,0,0
"1335",1,43,5,0,1,0,2,3,1,1,1,0,1,0
"1336",1,56,3,0,5,0,10,2,3,1,10,0,8,0
"1337",1,34,2,2,1,1,0,1,0,1,3,2,3,1
"1338",1,60,4,0,1,0,1,1,0,0,0,0,1,0
"1339",2,69,1,0,0,0,1,0,0,0,1,0,1,0
"1340",1,28,1,0,0,0,0,1,1,0,3,2,3,2
"1341",2,47,1,1,1,0,1,1,1,0,1,0,0,0
"1342",2,57,2,0,0,0,0,0,2,1,1,0,0,0
"1343",1,34,20,2,3,0,5,12,10,5,20,5,25,3
"1344",2,43,NA,0,0,0,1,12,1,0,2,1,5,1
"1345",2,34,10,2,0,1,2,5,0,0,3,1,10,2
"1346",2,56,5,1,10,1,25,4,6,8,25,2,25,1
"1347",2,67,1,1,1,0,1,3,4,0,2,0,1,0
"1348",2,24,4,1,2,0,0,0,1,2,0,1,7,0
"1349",1,43,20,0,2,2,2,0,2,1,12,2,2,1
"1350",2,70,10,2,1,0,10,2,4,0,15,1,10,1
"1351",1,35,10,1,1,0,3,1,2,0,8,1,3,0
"1352",2,49,4,3,5,1,1,4,1,2,1,0,5,2
"1353",2,39,3,1,1,1,2,1,1,1,2,1,1,1
"1354",1,62,5,0,2,0,2,0,3,2,3,1,2,1
"1355",2,30,1,3,10,0,2,10,1,2,7,3,2,1
"1356",2,61,10,0,0,0,10,10,0,0,10,0,10,0
"1357",1,67,6,0,2,0,6,2,10,4,10,2,5,0
"1358",1,23,10,4,3,2,6,3,6,7,10,3,20,6
"1359",2,32,3,2,3,1,1,2,1,1,7,3,3,0
"1360",1,73,3,0,2,1,3,1,1,0,3,0,3,0
"1361",2,41,2,1,1,0,0,1,0,1,1,1,2,0
"1362",2,63,10,0,1,0,0,0,0,0,0,1,3,1
"1363",1,19,3,4,3,2,0,1,1,0,1,2,5,2
"1364",1,19,3,1,1,0,6,5,1,1,9,0,4,1
"1365",2,50,0,1,0,0,0,3,5,0,4,0,5,0
"1366",1,23,10,4,8,4,6,2,5,10,5,3,5,3
"1367",2,38,2,0,0,1,1,0,0,0,0,2,2,1
"1368",1,27,2,3,0,0,1,1,0,2,10,10,5,1
"1369",1,75,0,1,1,1,3,1,0,0,4,1,1,0
"1370",2,45,1,2,2,0,6,2,0,2,1,0,6,0
"1371",2,28,1,1,1,0,1,0,0,2,1,1,1,1
"1372",2,37,25,2,3,0,1,1,0,1,1,1,5,1
"1373",2,29,2,1,1,1,4,1,2,4,6,3,2,3
"1374",2,46,1,1,1,1,0,1,1,1,2,1,2,0
"1375",2,71,2,1,1,1,NA,1,1,1,NA,1,4,0
